{
  "Model": {
    "Name": "Homeostasis",
    "Variables": [
      {
        "Name": "I",
        "Id": 2,
        "RangeFrom": 0,
        "RangeTo": 4,
        "Formula": "4"
      },
      {
        "Name": "O",
        "Id": 3,
        "RangeFrom": 0,
        "RangeTo": 4,
        "Formula": "ceil(var(4)/3)"
      },
      {
        "Name": "A",
        "Id": 4,
        "RangeFrom": 0,
        "RangeTo": "4",
        "Formula": "2*(var(2)-1)-(floor(2/3*var(5)))+1"
      },
      {
        "Name": "B",
        "Id": 5,
        "RangeFrom": 0,
        "RangeTo": 9,
        "Formula": "var(4)"
      }
    ],
    "Relationships": [
      {
        "Id": 6,
        "FromVariable": 2,
        "ToVariable": 4,
        "Type": "Activator"
      },
      {
        "Id": 8,
        "FromVariable": 4,
        "ToVariable": 5,
        "Type": "Activator"
      },
      {
        "Id": 9,
        "FromVariable": 5,
        "ToVariable": 4,
        "Type": "Inhibitor"
      },
      {
        "Id": 18,
        "FromVariable": 4,
        "ToVariable": 3,
        "Type": "Activator"
      }
    ]
  },
  "Layout": {
    "Description": "Activity adapts in response to a negative feedback loop",
    "Variables": [
      {
        "Id": 2,
        "Name": "I",
        "Type": "MembraneReceptor",
        "ContainerId": 1,
        "PositionX": 774.4152046783627,
        "PositionY": 409.40423976608184,
        "CellX": 0,
        "CellY": 0,
        "Angle": 276.01344935584916,
        "Description": "Input"
      },
      {
        "Id": 3,
        "Name": "O",
        "Type": "MembraneReceptor",
        "ContainerId": 1,
        "PositionX": 983.7719298245615,
        "PositionY": 409.40423976608184,
        "CellX": 0,
        "CellY": 0,
        "Angle": 84.43622150636814,
        "Description": "Output - reduced granularity and truncation, will go to 0 or 2 if A is largely perturbed"
      },
      {
        "Id": 4,
        "Name": "A",
        "Type": "Default",
        "ContainerId": 1,
        "PositionX": 863.6363636363637,
        "PositionY": 414.90909090909093,
        "CellX": 0,
        "CellY": 0,
        "Angle": 0,
        "Description": ""
      },
      {
        "Id": 5,
        "Name": "B",
        "Type": "Default",
        "ContainerId": 1,
        "PositionX": 863.6363636363637,
        "PositionY": 338.54545454545456,
        "CellX": 0,
        "CellY": 0,
        "Angle": 0,
        "Description": ""
      }
    ],
    "Containers": [
      {
        "Id": 1,
        "Name": "Homeostasis",
        "Size": 1,
        "PositionX": 3,
        "PositionY": 1
      }
    ]
  },
  "ltl": {
    "states": [],
    "operations": [
      {
        "_type": "Operation",
        "operator": { "name": "EVENTUALLY" },
        "operands": [ { "_type": "SelfLoopKeyframe" } ]
      }
    ]
  },
  "ltllayout": {
    "operationAppearances": [
      {
        "x": 317.72428884026255,
        "y": 128.6652078774617,
        "steps": 10
      }
    ]
  }
}