{"Model":{"Name":"Hyperbolic B","Variables":[{"Name":"I_b","Id":7,"RangeFrom":0,"RangeTo":4,"Formula":"0"},{"Name":"O_b","Id":8,"RangeFrom":0,"RangeTo":4,"Formula":""},{"Name":"A_b","Id":14,"RangeFrom":0,"RangeTo":4,"Formula":"ceil((3/2)*var(7)) + floor(1/var(7))"}],"Relationships":[{"Id":19,"FromVariable":7,"ToVariable":14,"Type":"Activator"},{"Id":20,"FromVariable":14,"ToVariable":8,"Type":"Activator"}]},"Layout":{"Variables":[{"Id":7,"Name":"I_b","Type":"MembraneReceptor","ContainerId":2,"PositionX":768.5972850678731,"PositionY":702.3227752639506,"CellX":0,"CellY":0,"Angle":268.7494296090258,"Description":"Input"},{"Id":8,"Name":"O_b","Type":"MembraneReceptor","ContainerId":2,"PositionX":983.1372549019607,"PositionY":704.0120663650064,"CellX":0,"CellY":0,"Angle":92.1247911346204,"Description":""},{"Id":14,"Name":"A_b","Type":"Default","ContainerId":2,"PositionX":880.3338109504583,"PositionY":705.5134384091006,"CellX":0,"CellY":0,"Angle":0,"Description":""}],"Containers":[{"Id":2,"Name":"Hyperbolic_b","Size":1,"PositionX":3,"PositionY":2}]},"ltl":{"states":[],"operations":[]}}