{
  "Model": {
    "Name": "Hyperbolic",
    "Variables": [
      {
        "Name": "I_a",
        "Id": 5,
        "RangeFrom": 0,
        "RangeTo": 4,
        "Formula": "0"
      },
      {
        "Name": "O_a",
        "Id": 6,
        "RangeFrom": 0,
        "RangeTo": 4,
        "Formula": ""
      },
      {
        "Name": "A_a",
        "Id": 13,
        "RangeFrom": 0,
        "RangeTo": 4,
        "Formula": "ceil((3/2)*var(5))"
      }
    ],
    "Relationships": [
      {
        "Id": 17,
        "FromVariable": 5,
        "ToVariable": 13,
        "Type": "Activator"
      },
      {
        "Id": 18,
        "FromVariable": 13,
        "ToVariable": 6,
        "Type": "Activator"
      }
    ]
  },
  "Layout": {
    "Description": "Activity initially rises quickly with input before reaching a plateau",
    "Variables": [
      {
        "Id": 5,
        "Name": "I_a",
        "Type": "MembraneReceptor",
        "ContainerId": 1,
        "PositionX": 768.5972850678731,
        "PositionY": 410.075414781296,
        "CellX": 0,
        "CellY": 0,
        "Angle": 275.32877713342344,
        "Description": "Input"
      },
      {
        "Id": 6,
        "Name": "O_a",
        "Type": "MembraneReceptor",
        "ContainerId": 1,
        "PositionX": 983.1372549019607,
        "PositionY": 418.521870286575,
        "CellX": 0,
        "CellY": 0,
        "Angle": 89.21687192601088,
        "Description": "Output"
      },
      {
        "Id": 13,
        "Name": "A_a",
        "Type": "Default",
        "ContainerId": 1,
        "PositionX": 874.255047544614,
        "PositionY": 411.4532586513829,
        "CellX": 0,
        "CellY": 0,
        "Angle": 0,
        "Description": ""
      }
    ],
    "Containers": [
      {
        "Id": 1,
        "Name": "Hyperbolic_a",
        "Size": 1,
        "PositionX": 3,
        "PositionY": 1
      }
    ]
  },
  "ltl": {
    "states": [],
    "operations": []
  }
}