{
  "Model": {
    "Description": "Activation occurs as an irreversible switch through positive feedback loops",
    "Name": "Mutual Activation",
    "Variables": [
      {
        "Name": "I",
        "Id": 2,
        "RangeFrom": 0,
        "RangeTo": "4",
        "Formula": "3"
      },
      {
        "Name": "A",
        "Id": 3,
        "RangeFrom": 0,
        "RangeTo": "4",
        "Formula": "floor(var(2)/3)+var(5)"
      },
      {
        "Name": "B",
        "Id": 4,
        "RangeFrom": 0,
        "RangeTo": "4",
        "Formula": "var(4)+var(3)"
      },
      {
        "Name": "C",
        "Id": 5,
        "RangeFrom": 0,
        "RangeTo": "4",
        "Formula": ""
      },
      {
        "Name": "O",
        "Id": 6,
        "RangeFrom": 0,
        "RangeTo": "4",
        "Formula": ""
      }
    ],
    "Relationships": [
      {
        "Id": 7,
        "FromVariable": 2,
        "ToVariable": 3,
        "Type": "Activator"
      },
      {
        "Id": 8,
        "FromVariable": 3,
        "ToVariable": 4,
        "Type": "Activator"
      },
      {
        "Id": 9,
        "FromVariable": 4,
        "ToVariable": 6,
        "Type": "Activator"
      },
      {
        "Id": 10,
        "FromVariable": 4,
        "ToVariable": 5,
        "Type": "Activator"
      },
      {
        "Id": 11,
        "FromVariable": 5,
        "ToVariable": 3,
        "Type": "Activator"
      },
      {
        "Id": 25,
        "FromVariable": 4,
        "ToVariable": 4,
        "Type": "Activator"
      }
    ]
  },
  "Layout": {
    "Variables": [
      {
        "Id": 2,
        "Name": "I",
        "Type": "MembraneReceptor",
        "ContainerId": 1,
        "PositionX": 779.6783625730994,
        "PositionY": 380.1644736842105,
        "CellX": 0,
        "CellY": 0,
        "Angle": 292.680364204246,
        "Description": ""
      },
      {
        "Id": 3,
        "Name": "A",
        "Type": "Default",
        "ContainerId": 1,
        "PositionX": 829.9096427476844,
        "PositionY": 384.85718658870394,
        "CellX": 0,
        "CellY": 0,
        "Angle": 0,
        "Description": ""
      },
      {
        "Id": 4,
        "Name": "B",
        "Type": "Default",
        "ContainerId": 1,
        "PositionX": 923.6596427476844,
        "PositionY": 374.85718658870394,
        "CellX": 0,
        "CellY": 0,
        "Angle": 0,
        "Description": ""
      },
      {
        "Id": 5,
        "Name": "C",
        "Type": "Default",
        "ContainerId": 1,
        "PositionX": 899.9096427476844,
        "PositionY": 482.357186588704,
        "CellX": 0,
        "CellY": 0,
        "Angle": 0,
        "Description": ""
      },
      {
        "Id": 6,
        "Name": "O",
        "Type": "MembraneReceptor",
        "ContainerId": 1,
        "PositionX": 979.093567251462,
        "PositionY": 380.7492690058479,
        "CellX": 0,
        "CellY": 0,
        "Angle": 69.33996381599427,
        "Description": ""
      }
    ],
    "Containers": [
      {
        "Id": 1,
        "Name": "MutualActivation",
        "Size": 1,
        "PositionX": 3,
        "PositionY": 1
      }
    ]
  },
  "ltl": {
    "states": [],
    "operations": []
  }
}