{
  "Model": {
    "Name": "Mutual Inhibition",
    "Variables": [
      {
        "Name": "A",
        "Id": 3,
        "RangeFrom": 0,
        "RangeTo": 4,
        "Formula": ""
      },
      {
        "Name": "B_active",
        "Id": 4,
        "RangeFrom": 0,
        "RangeTo": 4,
        "Formula": "(4-var(14)+(1-1))"
      },
      {
        "Name": "C",
        "Id": 5,
        "RangeFrom": 0,
        "RangeTo": 4,
        "Formula": "4*(var(3)-var(4))"
      },
      {
        "Name": "O",
        "Id": 6,
        "RangeFrom": 0,
        "RangeTo": 4,
        "Formula": ""
      },
      {
        "Name": "I",
        "Id": 7,
        "RangeFrom": 0,
        "RangeTo": 4,
        "Formula": "0"
      },
      {
        "Name": "B_inactive",
        "Id": 14,
        "RangeFrom": 0,
        "RangeTo": 4,
        "Formula": "4*((var(3)+(4-2))-var(4))"
      }
    ],
    "Relationships": [
      {
        "Id": 8,
        "FromVariable": 7,
        "ToVariable": 3,
        "Type": "Activator"
      },
      {
        "Id": 11,
        "FromVariable": 4,
        "ToVariable": 5,
        "Type": "Inhibitor"
      },
      {
        "Id": 12,
        "FromVariable": 3,
        "ToVariable": 5,
        "Type": "Activator"
      },
      {
        "Id": 13,
        "FromVariable": 5,
        "ToVariable": 6,
        "Type": "Activator"
      },
      {
        "Id": 15,
        "FromVariable": 3,
        "ToVariable": 14,
        "Type": "Activator"
      },
      {
        "Id": 16,
        "FromVariable": 14,
        "ToVariable": 4,
        "Type": "Inhibitor"
      },
      {
        "Id": 17,
        "FromVariable": 4,
        "ToVariable": 14,
        "Type": "Inhibitor"
      }
    ]
  },
  "Layout": {
    "Description": "Activity is determined by a switch that responds to the crossing of critical thresholds.",
    "Variables": [
      {
        "Id": 3,
        "Name": "A",
        "Type": "Default",
        "ContainerId": 1,
        "PositionX": 1095.350294985251,
        "PositionY": 387.30825958702064,
        "CellX": 0,
        "CellY": 0,
        "Angle": 0,
        "Description": ""
      },
      {
        "Id": 4,
        "Name": "B_active",
        "Type": "Default",
        "ContainerId": 1,
        "PositionX": 1137.0169616519177,
        "PositionY": 454.391592920354,
        "CellX": 0,
        "CellY": 0,
        "Angle": 0,
        "Description": "(4-var(B_inactive)+(1-X)) - where X is the lower critical value (area where bifurcation starts to occur)"
      },
      {
        "Id": 5,
        "Name": "C",
        "Type": "Default",
        "ContainerId": 1,
        "PositionX": 1153.6836283185844,
        "PositionY": 376.05825958702064,
        "CellX": 0,
        "CellY": 0,
        "Angle": 0,
        "Description": "Multiplier determines the maximal expression value (so the value that the switch tends towards at the higher end). Adding 1 to this should also raise the lower floor of the switch"
      },
      {
        "Id": 6,
        "Name": "O",
        "Type": "MembraneReceptor",
        "ContainerId": 1,
        "PositionX": 1228.9480167869297,
        "PositionY": 379.6221770688284,
        "CellX": 0,
        "CellY": 0,
        "Angle": 68.77876212726757,
        "Description": "Output"
      },
      {
        "Id": 7,
        "Name": "I",
        "Type": "MembraneReceptor",
        "ContainerId": 1,
        "PositionX": 1027.490727023758,
        "PositionY": 374.84810154990333,
        "CellX": 0,
        "CellY": 0,
        "Angle": 294.87318484829217,
        "Description": "Input"
      },
      {
        "Id": 14,
        "Name": "B_inactive",
        "Type": "Default",
        "ContainerId": 1,
        "PositionX": 1070.656342182891,
        "PositionY": 456.8750000000005,
        "CellX": 0,
        "CellY": 0,
        "Angle": 0,
        "Description": "4*((var(A)+(4-X))-var(B_active)) - Where X is the upper value for the toggle switch (critical value 1)"
      }
    ],
    "Containers": [
      {
        "Id": 1,
        "Name": "MutualInhibition",
        "Size": 1,
        "PositionX": 4,
        "PositionY": 1
      }
    ]
  },
  "ltl": {
    "states": [],
    "operations": []
  }
}