{"Model":{"Name":"Negative Feedback Oscillations 2","Variables":[{"Name":"I_b","Id":5,"RangeFrom":0,"RangeTo":4,"Formula":"2"},{"Name":"O_b","Id":8,"RangeFrom":0,"RangeTo":4,"Formula":""},{"Name":"A_b","Id":16,"RangeFrom":0,"RangeTo":4,"Formula":""},{"Name":"B_b","Id":17,"RangeFrom":0,"RangeTo":4,"Formula":""},{"Name":"C_b","Id":18,"RangeFrom":0,"RangeTo":4,"Formula":""}],"Relationships":[{"Id":19,"FromVariable":5,"ToVariable":16,"Type":"Activator"},{"Id":20,"FromVariable":16,"ToVariable":8,"Type":"Activator"},{"Id":21,"FromVariable":16,"ToVariable":17,"Type":"Activator"},{"Id":22,"FromVariable":17,"ToVariable":18,"Type":"Activator"},{"Id":23,"FromVariable":18,"ToVariable":16,"Type":"Inhibitor"}]},"Layout":{"Variables":[{"Id":5,"Name":"I_b","Type":"MembraneReceptor","ContainerId":2,"PositionX":772.3981900452493,"PositionY":687.9638009049768,"CellX":0,"CellY":0,"Angle":276.69077706783753,"Description":"Input"},{"Id":8,"Name":"O_b","Type":"MembraneReceptor","ContainerId":2,"PositionX":982.7149321266972,"PositionY":691.7647058823524,"CellX":0,"CellY":0,"Angle":85.62798365163322,"Description":"Output"},{"Id":16,"Name":"A_b","Type":"Default","ContainerId":2,"PositionX":875.0180505415166,"PositionY":693.4296028880852,"CellX":0,"CellY":0,"Angle":0,"Description":""},{"Id":17,"Name":"B_b","Type":"Default","ContainerId":2,"PositionX":836.6064981949462,"PositionY":632.7797833935003,"CellX":0,"CellY":0,"Angle":0,"Description":""},{"Id":18,"Name":"C_b","Type":"Default","ContainerId":2,"PositionX":921.5162454873649,"PositionY":626.7148014440419,"CellX":0,"CellY":0,"Angle":0,"Description":""}],"Containers":[{"Id":2,"Name":"Negative_Feedback_TwoNodes","Size":1,"PositionX":3,"PositionY":2}]},"ltl":{"states":[],"operations":[]}}