{"Model":{"Name":"Perfect Adaptation B","Variables":[{"Name":"A_b","Id":3,"RangeFrom":0,"RangeTo":4,"Formula":""},{"Name":"B_b","Id":4,"RangeFrom":0,"RangeTo":4,"Formula":""},{"Name":"C_b","Id":5,"RangeFrom":0,"RangeTo":4,"Formula":"(4*var(3))-(4*var(4))"},{"Name":"I_b","Id":6,"RangeFrom":0,"RangeTo":"4","Formula":"0"},{"Name":"O_b","Id":7,"RangeFrom":0,"RangeTo":"4","Formula":""}],"Relationships":[{"Id":8,"FromVariable":6,"ToVariable":3,"Type":"Activator"},{"Id":9,"FromVariable":3,"ToVariable":5,"Type":"Activator"},{"Id":10,"FromVariable":3,"ToVariable":4,"Type":"Activator"},{"Id":11,"FromVariable":5,"ToVariable":7,"Type":"Activator"},{"Id":12,"FromVariable":4,"ToVariable":5,"Type":"Inhibitor"}]},"Layout":{"Variables":[{"Id":3,"Name":"A_b","Type":"Default","ContainerId":2,"PositionX":1084.8430493273545,"PositionY":695.6053811659192,"CellX":0,"CellY":0,"Angle":0,"Description":""},{"Id":4,"Name":"B_b","Type":"Default","ContainerId":2,"PositionX":1145.1121076233187,"PositionY":642.8699551569505,"CellX":0,"CellY":0,"Angle":0,"Description":""},{"Id":5,"Name":"C_b","Type":"Default","ContainerId":2,"PositionX":1166.4573991031393,"PositionY":714.439461883408,"CellX":0,"CellY":0,"Angle":0,"Description":"Value 4 changes the height of the response"},{"Id":6,"Name":"I_b","Type":"MembraneReceptor","ContainerId":2,"PositionX":1018.5972850678731,"PositionY":696.4102564102564,"CellX":0,"CellY":0,"Angle":271.9322737787198,"Description":"Input"},{"Id":7,"Name":"O_b","Type":"MembraneReceptor","ContainerId":2,"PositionX":1232.2926093514327,"PositionY":701.4781297134239,"CellX":0,"CellY":0,"Angle":90.78929235960254,"Description":"Output"}],"Containers":[{"Id":2,"Name":"PerfectAdaptation_b","Size":1,"PositionX":4,"PositionY":2}]},"ltl":{"states":[],"operations":[]}}