{
  "Model": {
    "Description": "Activity modulated by a negative feed forward loop",
    "Name": "Perfect Adaptation",
    "Variables": [
      {
        "Name": "A_a",
        "Id": 13,
        "RangeFrom": 0,
        "RangeTo": 4,
        "Formula": ""
      },
      {
        "Name": "B_a",
        "Id": 14,
        "RangeFrom": 0,
        "RangeTo": 4,
        "Formula": ""
      },
      {
        "Name": "C_a",
        "Id": 15,
        "RangeFrom": 0,
        "RangeTo": 4,
        "Formula": "var(13)-(var(13)*floor((var(14)+1)/(var(13)+1)))"
      },
      {
        "Name": "I_a",
        "Id": 16,
        "RangeFrom": 0,
        "RangeTo": "4",
        "Formula": "0"
      },
      {
        "Name": "O_a",
        "Id": 17,
        "RangeFrom": 0,
        "RangeTo": 4,
        "Formula": ""
      }
    ],
    "Relationships": [
      {
        "Id": 18,
        "FromVariable": 16,
        "ToVariable": 13,
        "Type": "Activator"
      },
      {
        "Id": 19,
        "FromVariable": 13,
        "ToVariable": 15,
        "Type": "Activator"
      },
      {
        "Id": 20,
        "FromVariable": 13,
        "ToVariable": 14,
        "Type": "Activator"
      },
      {
        "Id": 21,
        "FromVariable": 15,
        "ToVariable": 17,
        "Type": "Activator"
      },
      {
        "Id": 22,
        "FromVariable": 14,
        "ToVariable": 15,
        "Type": "Inhibitor"
      }
    ]
  },
  "Layout": {
    "Variables": [
      {
        "Id": 13,
        "Name": "A_a",
        "Type": "Default",
        "ContainerId": 1,
        "PositionX": 1080.164726654092,
        "PositionY": 403.098745302007,
        "CellX": 0,
        "CellY": 0,
        "Angle": 0,
        "Description": ""
      },
      {
        "Id": 14,
        "Name": "B_a",
        "Type": "Default",
        "ContainerId": 1,
        "PositionX": 1154.4856856885222,
        "PositionY": 355.11198435064273,
        "CellX": 0,
        "CellY": 0,
        "Angle": 0,
        "Description": ""
      },
      {
        "Id": 15,
        "Name": "C_a",
        "Type": "Default",
        "ContainerId": 1,
        "PositionX": 1164.4341605199022,
        "PositionY": 431.1885565906106,
        "CellX": 0,
        "CellY": 0,
        "Angle": 0,
        "Description": ""
      },
      {
        "Id": 16,
        "Name": "I_a",
        "Type": "MembraneReceptor",
        "ContainerId": 1,
        "PositionX": 1023.6651583710405,
        "PositionY": 402.473604826546,
        "CellX": 0,
        "CellY": 0,
        "Angle": 279.81253316997356,
        "Description": "Input"
      },
      {
        "Id": 17,
        "Name": "O_a",
        "Type": "MembraneReceptor",
        "ContainerId": 1,
        "PositionX": 1234.8265460030166,
        "PositionY": 423.5897435897436,
        "CellX": 0,
        "CellY": 0,
        "Angle": 91.87207889884128,
        "Description": "Output"
      }
    ],
    "Containers": [
      {
        "Id": 1,
        "Name": "PerfectAdaptation_a",
        "Size": 1,
        "PositionX": 4,
        "PositionY": 1
      }
    ]
  },
  "ltl": {
    "states": [],
    "operations": []
  }
}