{
  "Model": {
    "Name": "Sigmoidal",
    "Variables": [
      {
        "Name": "I_a",
        "Id": 8,
        "RangeFrom": 0,
        "RangeTo": 4,
        "Formula": ""
      },
      {
        "Name": "O_a",
        "Id": 9,
        "RangeFrom": 0,
        "RangeTo": 4,
        "Formula": ""
      },
      {
        "Name": "A_a",
        "Id": 10,
        "RangeFrom": 0,
        "RangeTo": 4,
        "Formula": "(floor(var(8)/2))*4"
      }
    ],
    "Relationships": [
      {
        "Id": 11,
        "FromVariable": 8,
        "ToVariable": 10,
        "Type": "Activator"
      },
      {
        "Id": 12,
        "FromVariable": 10,
        "ToVariable": 9,
        "Type": "Activator"
      }
    ]
  },
  "Layout": {
    "Description": "Activity rises with input only between minimum and maximum thresholds",
    "Variables": [
      {
        "Id": 8,
        "Name": "I_a",
        "Type": "MembraneReceptor",
        "ContainerId": 7,
        "PositionX": 771.1312217194571,
        "PositionY": 401.6289592760177,
        "CellX": 0,
        "CellY": 0,
        "Angle": 280.0300486740863,
        "Description": "Input"
      },
      {
        "Id": 9,
        "Name": "O_a",
        "Type": "MembraneReceptor",
        "ContainerId": 7,
        "PositionX": 981.447963800905,
        "PositionY": 402.89592760180994,
        "CellX": 0,
        "CellY": 0,
        "Angle": 80.87173137025947,
        "Description": "Output"
      },
      {
        "Id": 10,
        "Name": "A_a",
        "Type": "Default",
        "ContainerId": 7,
        "PositionX": 879.2833333333336,
        "PositionY": 404.0187499999999,
        "CellX": 0,
        "CellY": 0,
        "Angle": 0,
        "Description": "Value after var(I_a) changes \"switch point\" of the curve, and final value is the maximum value of the curve"
      }
    ],
    "Containers": [
      {
        "Id": 7,
        "Name": "Sigmoidal_a",
        "Size": 1,
        "PositionX": 3,
        "PositionY": 1
      }
    ]
  },
  "ltl": {
    "states": [],
    "operations": []
  }
}