{"Model":{"Name":"Sigmoidal C","Variables":[{"Name":"A_c","Id":14,"RangeFrom":0,"RangeTo":4,"Formula":"2*(var(15)-1) + (var(15)*(2/3))"},{"Name":"I_c","Id":15,"RangeFrom":0,"RangeTo":4,"Formula":"0"},{"Name":"O_c","Id":16,"RangeFrom":0,"RangeTo":4,"Formula":""}],"Relationships":[{"Id":17,"FromVariable":15,"ToVariable":14,"Type":"Activator"},{"Id":18,"FromVariable":14,"ToVariable":16,"Type":"Activator"}]},"Layout":{"Variables":[{"Id":14,"Name":"A_c","Type":"Default","ContainerId":13,"PositionX":872.9133333333342,"PositionY":976.9687499999998,"CellX":0,"CellY":0,"Angle":0,"Description":""},{"Id":15,"Name":"I_c","Type":"MembraneReceptor","ContainerId":13,"PositionX":769.8642533936653,"PositionY":978.0995475113119,"CellX":0,"CellY":0,"Angle":271.0355759383724,"Description":"Input"},{"Id":16,"Name":"O_c","Type":"MembraneReceptor","ContainerId":13,"PositionX":985.2488687782807,"PositionY":971.7647058823527,"CellX":0,"CellY":0,"Angle":85.72809281370877,"Description":"Output"}],"Containers":[{"Id":13,"Name":"Sigmoidal_c","Size":1,"PositionX":3,"PositionY":3}]},"ltl":{"states":[],"operations":[]}}