{"Model":{"Name":"SkinModel","Variables":[{"Id":1,"RangeFrom":0,"RangeTo":4,"Formula":""},{"Id":2,"RangeFrom":0,"RangeTo":4,"Formula":""},{"Id":3,"RangeFrom":0,"RangeTo":4,"Formula":""},{"Id":4,"RangeFrom":0,"RangeTo":4,"Formula":""},{"Id":5,"RangeFrom":0,"RangeTo":4,"Formula":"min(var(12), var(45))"},{"Id":6,"RangeFrom":0,"RangeTo":4,"Formula":""},{"Id":7,"RangeFrom":0,"RangeTo":4,"Formula":""},{"Id":8,"RangeFrom":0,"RangeTo":4,"Formula":""},{"Id":9,"RangeFrom":0,"RangeTo":4,"Formula":""},{"Id":10,"RangeFrom":0,"RangeTo":4,"Formula":""},{"Id":11,"RangeFrom":0,"RangeTo":4,"Formula":""},{"Id":12,"RangeFrom":0,"RangeTo":4,"Formula":""},{"Id":13,"RangeFrom":0,"RangeTo":4,"Formula":""},{"Id":14,"RangeFrom":0,"RangeTo":4,"Formula":""},{"Id":15,"RangeFrom":0,"RangeTo":4,"Formula":""},{"Id":16,"RangeFrom":0,"RangeTo":4,"Formula":""},{"Id":17,"RangeFrom":0,"RangeTo":4,"Formula":""},{"Id":18,"RangeFrom":0,"RangeTo":4,"Formula":"min(var(26), var(44))"},{"Id":19,"RangeFrom":0,"RangeTo":4,"Formula":""},{"Id":20,"RangeFrom":0,"RangeTo":4,"Formula":""},{"Id":21,"RangeFrom":0,"RangeTo":4,"Formula":""},{"Id":22,"RangeFrom":0,"RangeTo":4,"Formula":""},{"Id":23,"RangeFrom":0,"RangeTo":4,"Formula":""},{"Id":24,"RangeFrom":0,"RangeTo":4,"Formula":""},{"Id":25,"RangeFrom":0,"RangeTo":4,"Formula":""},{"Id":26,"RangeFrom":0,"RangeTo":4,"Formula":""},{"Id":27,"RangeFrom":0,"RangeTo":4,"Formula":""},{"Id":28,"RangeFrom":0,"RangeTo":4,"Formula":""},{"Id":29,"RangeFrom":0,"RangeTo":4,"Formula":""},{"Id":30,"RangeFrom":0,"RangeTo":4,"Formula":""},{"Id":31,"RangeFrom":0,"RangeTo":4,"Formula":"min(var(38), var(43))"},{"Id":32,"RangeFrom":0,"RangeTo":4,"Formula":""},{"Id":33,"RangeFrom":0,"RangeTo":4,"Formula":""},{"Id":34,"RangeFrom":0,"RangeTo":4,"Formula":""},{"Id":35,"RangeFrom":0,"RangeTo":4,"Formula":""},{"Id":36,"RangeFrom":0,"RangeTo":4,"Formula":""},{"Id":37,"RangeFrom":0,"RangeTo":4,"Formula":""},{"Id":38,"RangeFrom":0,"RangeTo":4,"Formula":""},{"Id":39,"RangeFrom":0,"RangeTo":4,"Formula":""},{"Id":41,"RangeFrom":0,"RangeTo":4,"Formula":""},{"Id":42,"RangeFrom":0,"RangeTo":4,"Formula":""},{"Id":43,"RangeFrom":0,"RangeTo":4,"Formula":""},{"Id":44,"RangeFrom":0,"RangeTo":4,"Formula":""},{"Id":45,"RangeFrom":0,"RangeTo":4,"Formula":""},{"Id":72,"RangeFrom":0,"RangeTo":4,"Formula":""},{"Id":73,"RangeFrom":0,"RangeTo":4,"Formula":"(4+var(10))/2"},{"Id":74,"RangeFrom":0,"RangeTo":4,"Formula":"(2+var(11))/2"},{"Id":75,"RangeFrom":0,"RangeTo":4,"Formula":"var(37)"},{"Id":76,"RangeFrom":0,"RangeTo":4,"Formula":"(2+var(39))/2"},{"Id":77,"RangeFrom":0,"RangeTo":4,"Formula":""},{"Id":78,"RangeFrom":0,"RangeTo":4,"Formula":""},{"Id":79,"RangeFrom":0,"RangeTo":4,"Formula":""},{"Id":80,"RangeFrom":0,"RangeTo":4,"Formula":""},{"Id":81,"RangeFrom":0,"RangeTo":4,"Formula":"min(var(88), var(74))"},{"Id":82,"RangeFrom":0,"RangeTo":4,"Formula":""},{"Id":83,"RangeFrom":0,"RangeTo":4,"Formula":""},{"Id":84,"RangeFrom":0,"RangeTo":4,"Formula":""},{"Id":85,"RangeFrom":0,"RangeTo":4,"Formula":""},{"Id":86,"RangeFrom":0,"RangeTo":4,"Formula":""},{"Id":87,"RangeFrom":0,"RangeTo":4,"Formula":""},{"Id":88,"RangeFrom":0,"RangeTo":4,"Formula":""},{"Id":89,"RangeFrom":0,"RangeTo":4,"Formula":""},{"Id":90,"RangeFrom":0,"RangeTo":4,"Formula":""},{"Id":91,"RangeFrom":0,"RangeTo":4,"Formula":""},{"Id":92,"RangeFrom":0,"RangeTo":4,"Formula":""},{"Id":93,"RangeFrom":0,"RangeTo":4,"Formula":""},{"Id":94,"RangeFrom":0,"RangeTo":4,"Formula":"min(var(101), var(76))"},{"Id":95,"RangeFrom":0,"RangeTo":4,"Formula":""},{"Id":96,"RangeFrom":0,"RangeTo":4,"Formula":""},{"Id":97,"RangeFrom":0,"RangeTo":4,"Formula":""},{"Id":98,"RangeFrom":0,"RangeTo":4,"Formula":""},{"Id":99,"RangeFrom":0,"RangeTo":4,"Formula":""},{"Id":100,"RangeFrom":0,"RangeTo":4,"Formula":""},{"Id":101,"RangeFrom":0,"RangeTo":4,"Formula":""},{"Id":102,"RangeFrom":0,"RangeTo":4,"Formula":""}],"Relationships":[{"Id":34,"FromVariable":41,"ToVariable":24,"Type":"Activator"},{"Id":35,"FromVariable":42,"ToVariable":37,"Type":"Activator"},{"Id":37,"FromVariable":7,"ToVariable":41,"Type":"Activator"},{"Id":38,"FromVariable":20,"ToVariable":42,"Type":"Activator"},{"Id":39,"FromVariable":33,"ToVariable":41,"Type":"Activator"},{"Id":40,"FromVariable":43,"ToVariable":38,"Type":"Activator"},{"Id":41,"FromVariable":45,"ToVariable":12,"Type":"Activator"},{"Id":42,"FromVariable":11,"ToVariable":44,"Type":"Activator"},{"Id":43,"FromVariable":25,"ToVariable":45,"Type":"Activator"},{"Id":44,"FromVariable":25,"ToVariable":43,"Type":"Activator"},{"Id":45,"FromVariable":39,"ToVariable":44,"Type":"Activator"},{"Id":46,"FromVariable":44,"ToVariable":26,"Type":"Activator"},{"Id":68,"FromVariable":72,"ToVariable":10,"Type":"Activator"},{"Id":69,"FromVariable":24,"ToVariable":72,"Type":"Activator"},{"Id":70,"FromVariable":86,"ToVariable":72,"Type":"Activator"},{"Id":71,"FromVariable":73,"ToVariable":86,"Type":"Activator"},{"Id":72,"FromVariable":10,"ToVariable":73,"Type":"Activator"},{"Id":75,"FromVariable":37,"ToVariable":75,"Type":"Activator"},{"Id":76,"FromVariable":74,"ToVariable":88,"Type":"Activator"},{"Id":77,"FromVariable":87,"ToVariable":45,"Type":"Activator"},{"Id":78,"FromVariable":11,"ToVariable":74,"Type":"Activator"},{"Id":81,"FromVariable":39,"ToVariable":76,"Type":"Activator"},{"Id":103,"FromVariable":75,"ToVariable":100,"Type":"Activator"},{"Id":104,"FromVariable":96,"ToVariable":42,"Type":"Activator"},{"Id":105,"FromVariable":76,"ToVariable":101,"Type":"Activator"},{"Id":106,"FromVariable":102,"ToVariable":43,"Type":"Activator"},{"Id":107,"FromVariable":74,"ToVariable":81,"Type":"Activator"},{"Id":108,"FromVariable":45,"ToVariable":5,"Type":"Activator"},{"Id":109,"FromVariable":44,"ToVariable":18,"Type":"Activator"},{"Id":110,"FromVariable":43,"ToVariable":31,"Type":"Activator"},{"Id":111,"FromVariable":76,"ToVariable":94,"Type":"Activator"},{"Id":1,"FromVariable":1,"ToVariable":2,"Type":"Inhibitor"},{"Id":2,"FromVariable":2,"ToVariable":3,"Type":"Inhibitor"},{"Id":3,"FromVariable":3,"ToVariable":4,"Type":"Activator"},{"Id":4,"FromVariable":5,"ToVariable":6,"Type":"Activator"},{"Id":5,"FromVariable":6,"ToVariable":7,"Type":"Inhibitor"},{"Id":6,"FromVariable":8,"ToVariable":2,"Type":"Activator"},{"Id":7,"FromVariable":9,"ToVariable":3,"Type":"Activator"},{"Id":8,"FromVariable":10,"ToVariable":1,"Type":"Activator"},{"Id":9,"FromVariable":13,"ToVariable":11,"Type":"Activator"},{"Id":10,"FromVariable":5,"ToVariable":13,"Type":"Activator"},{"Id":84,"FromVariable":4,"ToVariable":11,"Type":"Activator"},{"Id":87,"FromVariable":12,"ToVariable":5,"Type":"Activator"},{"Id":11,"FromVariable":14,"ToVariable":15,"Type":"Inhibitor"},{"Id":12,"FromVariable":15,"ToVariable":16,"Type":"Inhibitor"},{"Id":13,"FromVariable":16,"ToVariable":17,"Type":"Activator"},{"Id":14,"FromVariable":18,"ToVariable":19,"Type":"Activator"},{"Id":15,"FromVariable":19,"ToVariable":20,"Type":"Inhibitor"},{"Id":16,"FromVariable":18,"ToVariable":21,"Type":"Activator"},{"Id":17,"FromVariable":22,"ToVariable":15,"Type":"Activator"},{"Id":18,"FromVariable":23,"ToVariable":16,"Type":"Activator"},{"Id":19,"FromVariable":24,"ToVariable":14,"Type":"Activator"},{"Id":20,"FromVariable":21,"ToVariable":25,"Type":"Activator"},{"Id":21,"FromVariable":26,"ToVariable":18,"Type":"Activator"},{"Id":85,"FromVariable":17,"ToVariable":25,"Type":"Activator"},{"Id":88,"FromVariable":26,"ToVariable":18,"Type":"Activator"},{"Id":22,"FromVariable":27,"ToVariable":28,"Type":"Inhibitor"},{"Id":23,"FromVariable":28,"ToVariable":29,"Type":"Inhibitor"},{"Id":24,"FromVariable":29,"ToVariable":30,"Type":"Activator"},{"Id":25,"FromVariable":31,"ToVariable":32,"Type":"Activator"},{"Id":26,"FromVariable":32,"ToVariable":33,"Type":"Inhibitor"},{"Id":27,"FromVariable":31,"ToVariable":34,"Type":"Activator"},{"Id":28,"FromVariable":35,"ToVariable":28,"Type":"Activator"},{"Id":29,"FromVariable":36,"ToVariable":29,"Type":"Activator"},{"Id":30,"FromVariable":37,"ToVariable":27,"Type":"Activator"},{"Id":31,"FromVariable":38,"ToVariable":31,"Type":"Activator"},{"Id":32,"FromVariable":34,"ToVariable":39,"Type":"Activator"},{"Id":86,"FromVariable":30,"ToVariable":39,"Type":"Activator"},{"Id":89,"FromVariable":38,"ToVariable":31,"Type":"Activator"},{"Id":58,"FromVariable":77,"ToVariable":78,"Type":"Inhibitor"},{"Id":59,"FromVariable":78,"ToVariable":79,"Type":"Inhibitor"},{"Id":60,"FromVariable":79,"ToVariable":80,"Type":"Activator"},{"Id":61,"FromVariable":81,"ToVariable":82,"Type":"Activator"},{"Id":62,"FromVariable":82,"ToVariable":83,"Type":"Inhibitor"},{"Id":63,"FromVariable":84,"ToVariable":78,"Type":"Activator"},{"Id":64,"FromVariable":85,"ToVariable":79,"Type":"Activator"},{"Id":65,"FromVariable":86,"ToVariable":77,"Type":"Activator"},{"Id":66,"FromVariable":89,"ToVariable":87,"Type":"Activator"},{"Id":67,"FromVariable":81,"ToVariable":89,"Type":"Activator"},{"Id":82,"FromVariable":88,"ToVariable":81,"Type":"Activator"},{"Id":83,"FromVariable":80,"ToVariable":87,"Type":"Activator"},{"Id":90,"FromVariable":90,"ToVariable":91,"Type":"Inhibitor"},{"Id":91,"FromVariable":91,"ToVariable":92,"Type":"Inhibitor"},{"Id":92,"FromVariable":92,"ToVariable":93,"Type":"Activator"},{"Id":93,"FromVariable":94,"ToVariable":95,"Type":"Activator"},{"Id":94,"FromVariable":95,"ToVariable":96,"Type":"Inhibitor"},{"Id":95,"FromVariable":94,"ToVariable":97,"Type":"Activator"},{"Id":96,"FromVariable":98,"ToVariable":91,"Type":"Activator"},{"Id":97,"FromVariable":99,"ToVariable":92,"Type":"Activator"},{"Id":98,"FromVariable":100,"ToVariable":90,"Type":"Activator"},{"Id":99,"FromVariable":101,"ToVariable":94,"Type":"Activator"},{"Id":100,"FromVariable":97,"ToVariable":102,"Type":"Activator"},{"Id":101,"FromVariable":93,"ToVariable":102,"Type":"Activator"},{"Id":102,"FromVariable":101,"ToVariable":94,"Type":"Activator"}]},"Layout":{"Variables":[{"Id":1,"Name":"DSH","Type":"Default","ContainerId":1,"PositionX":595.8666666666667,"PositionY":606.0285714285715,"CellX":null,"CellY":null,"Angle":0},{"Id":2,"Name":"Axin","Type":"Default","ContainerId":1,"PositionX":595.8666666666667,"PositionY":655.3142857142857,"CellX":null,"CellY":null,"Angle":0},{"Id":3,"Name":"B-Cat","Type":"Default","ContainerId":1,"PositionX":595.8666666666667,"PositionY":704.6,"CellX":null,"CellY":null,"Angle":0},{"Id":4,"Name":"GT1","Type":"Default","ContainerId":1,"PositionX":595.8666666666667,"PositionY":753.8857142857142,"CellX":null,"CellY":null,"Angle":0},{"Id":5,"Name":"Notch-IC","Type":"Default","ContainerId":1,"PositionX":678.2,"PositionY":755.2,"CellX":null,"CellY":null,"Angle":0},{"Id":6,"Name":"P21","Type":"Default","ContainerId":1,"PositionX":678.2,"PositionY":705.9142857142857,"CellX":null,"CellY":null,"Angle":0},{"Id":7,"Name":"Wnt","Type":"Default","ContainerId":1,"PositionX":678.2,"PositionY":656.6285714285714,"CellX":null,"CellY":null,"Angle":0},{"Id":8,"Name":"Cask1a","Type":"Default","ContainerId":1,"PositionX":630.7,"PositionY":656.6285714285714,"CellX":null,"CellY":null,"Angle":0},{"Id":9,"Name":"BCat exp","Type":"Default","ContainerId":1,"PositionX":630.7,"PositionY":705.9142857142857,"CellX":null,"CellY":null,"Angle":0},{"Id":10,"Name":"Frizzled","Type":"MembraneReceptor","ContainerId":1,"PositionX":628.7883124043155,"PositionY":573.0092058603041,"CellX":null,"CellY":null,"Angle":0},{"Id":11,"Name":"Jagged","Type":"MembraneReceptor","ContainerId":1,"PositionX":633.3234886800075,"PositionY":826.8117675024587,"CellX":null,"CellY":null,"Angle":0},{"Id":12,"Name":"Notch","Type":"MembraneReceptor","ContainerId":1,"PositionX":701.9084022973556,"PositionY":791.2644136567176,"CellX":null,"CellY":null,"Angle":0},{"Id":13,"Name":"GT2","Type":"Default","ContainerId":1,"PositionX":630.7,"PositionY":755.2,"CellX":null,"CellY":null,"Angle":0},{"Id":14,"Name":"DSH","Type":"Default","ContainerId":2,"PositionX":845.8666666666667,"PositionY":606.0285714285715,"CellX":null,"CellY":null,"Angle":0},{"Id":15,"Name":"Axin","Type":"Default","ContainerId":2,"PositionX":845.8666666666667,"PositionY":655.3142857142857,"CellX":null,"CellY":null,"Angle":0},{"Id":16,"Name":"B-Cat","Type":"Default","ContainerId":2,"PositionX":845.8666666666667,"PositionY":704.6,"CellX":null,"CellY":null,"Angle":0},{"Id":17,"Name":"GT1","Type":"Default","ContainerId":2,"PositionX":845.8666666666667,"PositionY":753.8857142857142,"CellX":null,"CellY":null,"Angle":0},{"Id":18,"Name":"Notch-IC","Type":"Default","ContainerId":2,"PositionX":928.2,"PositionY":755.2,"CellX":null,"CellY":null,"Angle":0},{"Id":19,"Name":"P21","Type":"Default","ContainerId":2,"PositionX":928.2,"PositionY":705.9142857142857,"CellX":null,"CellY":null,"Angle":0},{"Id":20,"Name":"Wnt","Type":"Default","ContainerId":2,"PositionX":928.2,"PositionY":656.6285714285714,"CellX":null,"CellY":null,"Angle":0},{"Id":21,"Name":"GT2","Type":"Default","ContainerId":2,"PositionX":880.7,"PositionY":755.2,"CellX":null,"CellY":null,"Angle":0},{"Id":22,"Name":"Cask1a","Type":"Default","ContainerId":2,"PositionX":880.7,"PositionY":656.6285714285714,"CellX":null,"CellY":null,"Angle":0},{"Id":23,"Name":"bCATexp","Type":"Default","ContainerId":2,"PositionX":880.7,"PositionY":705.9142857142857,"CellX":null,"CellY":null,"Angle":0},{"Id":24,"Name":"Frizzled","Type":"MembraneReceptor","ContainerId":2,"PositionX":878.7883124044147,"PositionY":573.0092058505688,"CellX":null,"CellY":null,"Angle":0},{"Id":25,"Name":"Jagged","Type":"MembraneReceptor","ContainerId":2,"PositionX":883.32348867999,"PositionY":826.8117675020694,"CellX":null,"CellY":null,"Angle":0},{"Id":26,"Name":"Notch","Type":"MembraneReceptor","ContainerId":2,"PositionX":951.9084022973556,"PositionY":791.264413656717,"CellX":null,"CellY":null,"Angle":0},{"Id":27,"Name":"DSH","Type":"Default","ContainerId":3,"PositionX":1095.8666666666665,"PositionY":606.0285714285715,"CellX":null,"CellY":null,"Angle":0},{"Id":28,"Name":"Axin","Type":"Default","ContainerId":3,"PositionX":1095.8666666666665,"PositionY":655.3142857142857,"CellX":null,"CellY":null,"Angle":0},{"Id":29,"Name":"B-Cat","Type":"Default","ContainerId":3,"PositionX":1095.8666666666665,"PositionY":704.6,"CellX":null,"CellY":null,"Angle":0},{"Id":30,"Name":"GT1","Type":"Default","ContainerId":3,"PositionX":1095.8666666666665,"PositionY":753.8857142857142,"CellX":null,"CellY":null,"Angle":0},{"Id":31,"Name":"Notch-IC","Type":"Default","ContainerId":3,"PositionX":1178.2,"PositionY":755.2,"CellX":null,"CellY":null,"Angle":0},{"Id":32,"Name":"P21","Type":"Default","ContainerId":3,"PositionX":1178.2,"PositionY":705.9142857142857,"CellX":null,"CellY":null,"Angle":0},{"Id":33,"Name":"Wnt","Type":"Default","ContainerId":3,"PositionX":1178.2,"PositionY":656.6285714285714,"CellX":null,"CellY":null,"Angle":0},{"Id":34,"Name":"GT2","Type":"Default","ContainerId":3,"PositionX":1130.7,"PositionY":755.2,"CellX":null,"CellY":null,"Angle":0},{"Id":35,"Name":"Cask1a","Type":"Default","ContainerId":3,"PositionX":1130.7,"PositionY":656.6285714285714,"CellX":null,"CellY":null,"Angle":0},{"Id":36,"Name":"BCat exp","Type":"Default","ContainerId":3,"PositionX":1130.7,"PositionY":705.9142857142857,"CellX":null,"CellY":null,"Angle":0},{"Id":37,"Name":"Frizzled","Type":"MembraneReceptor","ContainerId":3,"PositionX":1128.7883124043487,"PositionY":573.009205857059,"CellX":null,"CellY":null,"Angle":0},{"Id":38,"Name":"Notch","Type":"MembraneReceptor","ContainerId":3,"PositionX":1201.9084022973538,"PositionY":791.2644136567153,"CellX":null,"CellY":null,"Angle":0},{"Id":39,"Name":"Jagged","Type":"MembraneReceptor","ContainerId":3,"PositionX":1133.3234886799898,"PositionY":826.8117675020694,"CellX":null,"CellY":null,"Angle":0},{"Id":41,"Name":"Wnt-ext","Type":"Constant","ContainerId":5,"PositionX":880.7,"PositionY":422.62857142857143,"CellX":null,"CellY":null,"Angle":0},{"Id":42,"Name":"Wnt-ext","Type":"Constant","ContainerId":6,"PositionX":1130.7,"PositionY":422.62857142857143,"CellX":null,"CellY":null,"Angle":0},{"Id":43,"Name":"Ligand-in","Type":"Constant","ContainerId":7,"PositionX":1130.7,"PositionY":982.6285714285714,"CellX":null,"CellY":null,"Angle":0},{"Id":44,"Name":"Ligand-in","Type":"Constant","ContainerId":8,"PositionX":880.7,"PositionY":982.6285714285714,"CellX":null,"CellY":null,"Angle":0},{"Id":45,"Name":"Ligand-in","Type":"Constant","ContainerId":9,"PositionX":630.7,"PositionY":982.6285714285714,"CellX":null,"CellY":null,"Angle":0},{"Id":72,"Name":"Wnt-ext","Type":"Constant","ContainerId":11,"PositionX":630.7,"PositionY":422.62857142857143,"CellX":null,"CellY":null,"Angle":0},{"Id":73,"Name":"Wnt-ext","Type":"Constant","ContainerId":12,"PositionX":380.7,"PositionY":422.62857142857143,"CellX":null,"CellY":null,"Angle":0},{"Id":74,"Name":"Ligand-in","Type":"Constant","ContainerId":13,"PositionX":380.7,"PositionY":982.6285714285714,"CellX":null,"CellY":null,"Angle":0},{"Id":75,"Name":"Wnt-ext","Type":"Constant","ContainerId":14,"PositionX":1380.7,"PositionY":422.62857142857143,"CellX":null,"CellY":null,"Angle":0},{"Id":76,"Name":"Ligand-in","Type":"Constant","ContainerId":15,"PositionX":1380.7,"PositionY":982.6285714285714,"CellX":null,"CellY":null,"Angle":0},{"Id":77,"Name":"DSH","Type":"Default","ContainerId":16,"PositionX":345.8666666666667,"PositionY":606.0285714285715,"CellX":null,"CellY":null,"Angle":0},{"Id":78,"Name":"Axin","Type":"Default","ContainerId":16,"PositionX":345.8666666666667,"PositionY":655.3142857142857,"CellX":null,"CellY":null,"Angle":0},{"Id":79,"Name":"B-Cat","Type":"Default","ContainerId":16,"PositionX":345.8666666666667,"PositionY":704.6,"CellX":null,"CellY":null,"Angle":0},{"Id":80,"Name":"GT1","Type":"Default","ContainerId":16,"PositionX":345.8666666666667,"PositionY":753.8857142857142,"CellX":null,"CellY":null,"Angle":0},{"Id":81,"Name":"Notch-IC","Type":"Default","ContainerId":16,"PositionX":428.2,"PositionY":755.2,"CellX":null,"CellY":null,"Angle":0},{"Id":82,"Name":"P21","Type":"Default","ContainerId":16,"PositionX":428.2,"PositionY":705.9142857142857,"CellX":null,"CellY":null,"Angle":0},{"Id":83,"Name":"Wnt","Type":"Default","ContainerId":16,"PositionX":428.2,"PositionY":656.6285714285714,"CellX":null,"CellY":null,"Angle":0},{"Id":84,"Name":"Cask1a","Type":"Default","ContainerId":16,"PositionX":380.7,"PositionY":656.6285714285714,"CellX":null,"CellY":null,"Angle":0},{"Id":85,"Name":"BCat exp","Type":"Default","ContainerId":16,"PositionX":380.7,"PositionY":705.9142857142857,"CellX":null,"CellY":null,"Angle":0},{"Id":86,"Name":"Frizzled","Type":"MembraneReceptor","ContainerId":16,"PositionX":378.78831240432384,"PositionY":573.0092058594964,"CellX":null,"CellY":null,"Angle":0},{"Id":87,"Name":"Jagged","Type":"MembraneReceptor","ContainerId":16,"PositionX":383.3234886800151,"PositionY":826.8117675026206,"CellX":null,"CellY":null,"Angle":0},{"Id":88,"Name":"Notch","Type":"MembraneReceptor","ContainerId":16,"PositionX":451.90840229735465,"PositionY":791.2644136567162,"CellX":null,"CellY":null,"Angle":0},{"Id":89,"Name":"GT2","Type":"Default","ContainerId":16,"PositionX":380.7,"PositionY":755.2,"CellX":null,"CellY":null,"Angle":0},{"Id":90,"Name":"DSH","Type":"Default","ContainerId":17,"PositionX":1345.8666666666665,"PositionY":606.0285714285715,"CellX":null,"CellY":null,"Angle":0},{"Id":91,"Name":"Axin","Type":"Default","ContainerId":17,"PositionX":1345.8666666666665,"PositionY":655.3142857142857,"CellX":null,"CellY":null,"Angle":0},{"Id":92,"Name":"B-Cat","Type":"Default","ContainerId":17,"PositionX":1345.8666666666665,"PositionY":704.6,"CellX":null,"CellY":null,"Angle":0},{"Id":93,"Name":"GT1","Type":"Default","ContainerId":17,"PositionX":1345.8666666666665,"PositionY":753.8857142857142,"CellX":null,"CellY":null,"Angle":0},{"Id":94,"Name":"Notch-IC","Type":"Default","ContainerId":17,"PositionX":1428.2,"PositionY":755.2,"CellX":null,"CellY":null,"Angle":0},{"Id":95,"Name":"P21","Type":"Default","ContainerId":17,"PositionX":1428.2,"PositionY":705.9142857142857,"CellX":null,"CellY":null,"Angle":0},{"Id":96,"Name":"Wnt","Type":"Default","ContainerId":17,"PositionX":1428.2,"PositionY":656.6285714285714,"CellX":null,"CellY":null,"Angle":0},{"Id":97,"Name":"GT2","Type":"Default","ContainerId":17,"PositionX":1380.7,"PositionY":755.2,"CellX":null,"CellY":null,"Angle":0},{"Id":98,"Name":"Cask1a","Type":"Default","ContainerId":17,"PositionX":1380.7,"PositionY":656.6285714285714,"CellX":null,"CellY":null,"Angle":0},{"Id":99,"Name":"BCat exp","Type":"Default","ContainerId":17,"PositionX":1380.7,"PositionY":705.9142857142857,"CellX":null,"CellY":null,"Angle":0},{"Id":100,"Name":"Frizzled","Type":"MembraneReceptor","ContainerId":17,"PositionX":1378.788312404349,"PositionY":573.009205857059,"CellX":null,"CellY":null,"Angle":0},{"Id":101,"Name":"Notch","Type":"MembraneReceptor","ContainerId":17,"PositionX":1451.908402297353,"PositionY":791.2644136567162,"CellX":null,"CellY":null,"Angle":0},{"Id":102,"Name":"Jagged","Type":"MembraneReceptor","ContainerId":17,"PositionX":1383.3234886800858,"PositionY":826.8117675041394,"CellX":null,"CellY":null,"Angle":0}],"Containers":[{"Id":1,"Size":1,"PositionX":2,"PositionY":2},{"Id":2,"Size":1,"PositionX":3,"PositionY":2},{"Id":3,"Size":1,"PositionX":4,"PositionY":2},{"Id":16,"Size":1,"PositionX":1,"PositionY":2},{"Id":17,"Size":1,"PositionX":5,"PositionY":2}]}}