{
  "Model": {
    "Name": "VPC",
    "Variables": [
      {
        "Id": 95,
        "RangeFrom": 0,
        "RangeTo": 0,
        "Formula": ""
      },
      {
        "Id": 1,
        "RangeFrom": 0,
        "RangeTo": 2,
        "Formula": "2"
      },
      {
        "Id": 2,
        "RangeFrom": 0,
        "RangeTo": 2,
        "Formula": "max(0,2 - ((2 - var(23))*(max(var(7) - 1,0) + 1)))"
      },
      {
        "Id": 3,
        "RangeFrom": 0,
        "RangeTo": 2,
        "Formula": "max(var(1),var(21))"
      },
      {
        "Id": 4,
        "RangeFrom": 0,
        "RangeTo": 2,
        "Formula": "max(0,2 - ((2 - var(3))*(max(var(9) - 1,0) + 1)))"
      },
      {
        "Id": 5,
        "RangeFrom": 0,
        "RangeTo": 2,
        "Formula": "max(0,2 - ((2 - var(4))*(max(var(9)-1,0)+1)))"
      },
      {
        "Id": 6,
        "RangeFrom": 0,
        "RangeTo": 2,
        "Formula": "max(0,2 - ((2 - var(5))*(max(var(9)-1,0)+1)))"
      },
      {
        "Id": 7,
        "RangeFrom": 0,
        "RangeTo": 2,
        "Formula": "min(var(6)+var(8),2)"
      },
      {
        "Id": 8,
        "RangeFrom": 0,
        "RangeTo": 2,
        "Formula": "max(var(24) - var(9) - 1,0)"
      },
      {
        "Id": 9,
        "RangeFrom": 0,
        "RangeTo": 2,
        "Formula": "min(2 - var(3),1)*var(2)"
      },
      {
        "Id": 10,
        "RangeFrom": 0,
        "RangeTo": 2,
        "Formula": "min(var(7),var(1))"
      },
      {
        "Id": 21,
        "RangeFrom": 0,
        "RangeTo": 2,
        "Formula": "2 - var(22)"
      },
      {
        "Id": 22,
        "RangeFrom": 0,
        "RangeTo": 2,
        "Formula": "2"
      },
      {
        "Id": 23,
        "RangeFrom": 0,
        "RangeTo": 2,
        "Formula": "max(var(31),var(31))"
      },
      {
        "Id": 24,
        "RangeFrom": 0,
        "RangeTo": 2,
        "Formula": "max(var(34),var(34))"
      },
      {
        "Id": 25,
        "RangeFrom": 0,
        "RangeTo": 2,
        "Formula": "1"
      },
      {
        "Id": 26,
        "RangeFrom": 0,
        "RangeTo": 2,
        "Formula": "max(0,2 - ((2 - var(89))*(max(var(31) - 1,0) + 1)))"
      },
      {
        "Id": 27,
        "RangeFrom": 0,
        "RangeTo": 2,
        "Formula": "max(var(25),var(87))"
      },
      {
        "Id": 28,
        "RangeFrom": 0,
        "RangeTo": 2,
        "Formula": "max(0,2 - ((2 - var(27))*(max(var(33) - 1,0) + 1)))"
      },
      {
        "Id": 29,
        "RangeFrom": 0,
        "RangeTo": 2,
        "Formula": "max(0,2 - ((2 - var(28))*(max(var(33)-1,0)+1)))"
      },
      {
        "Id": 30,
        "RangeFrom": 0,
        "RangeTo": 2,
        "Formula": "max(0,2 - ((2 - var(29))*(max(var(33)-1,0)+1)))"
      },
      {
        "Id": 31,
        "RangeFrom": 0,
        "RangeTo": 2,
        "Formula": "min(var(30)+var(32),2)"
      },
      {
        "Id": 32,
        "RangeFrom": 0,
        "RangeTo": 2,
        "Formula": "max(var(90) - var(33) - 1,0)"
      },
      {
        "Id": 33,
        "RangeFrom": 0,
        "RangeTo": 2,
        "Formula": "min(2 - var(27),1)*var(26)"
      },
      {
        "Id": 34,
        "RangeFrom": 0,
        "RangeTo": 2,
        "Formula": "min(var(31),var(25))"
      },
      {
        "Id": 35,
        "RangeFrom": 0,
        "RangeTo": 2,
        "Formula": "0"
      },
      {
        "Id": 36,
        "RangeFrom": 0,
        "RangeTo": 2,
        "Formula": "max(0,2 - ((2 - var(93))*(max(var(41) - 1,0) + 1)))"
      },
      {
        "Id": 37,
        "RangeFrom": 0,
        "RangeTo": 2,
        "Formula": "max(var(35),var(91))"
      },
      {
        "Id": 38,
        "RangeFrom": 0,
        "RangeTo": 2,
        "Formula": "max(0,2 - ((2 - var(37))*(max(var(43) - 1,0) + 1)))"
      },
      {
        "Id": 39,
        "RangeFrom": 0,
        "RangeTo": 2,
        "Formula": "max(0,2 - ((2 - var(38))*(max(var(43)-1,0)+1)))"
      },
      {
        "Id": 40,
        "RangeFrom": 0,
        "RangeTo": 2,
        "Formula": "max(0,2 - ((2 - var(39))*(max(var(43)-1,0)+1)))"
      },
      {
        "Id": 41,
        "RangeFrom": 0,
        "RangeTo": 2,
        "Formula": "min(var(40)+var(42),2)"
      },
      {
        "Id": 42,
        "RangeFrom": 0,
        "RangeTo": 2,
        "Formula": "max(var(94) - var(43) - 1,0)"
      },
      {
        "Id": 43,
        "RangeFrom": 0,
        "RangeTo": 2,
        "Formula": "min(2 - var(37),1)*var(36)"
      },
      {
        "Id": 44,
        "RangeFrom": 0,
        "RangeTo": 2,
        "Formula": "min(var(41),var(35))"
      },
      {
        "Id": 45,
        "RangeFrom": 0,
        "RangeTo": 2,
        "Formula": "1"
      },
      {
        "Id": 46,
        "RangeFrom": 0,
        "RangeTo": 2,
        "Formula": "max(0,2 - ((2 - var(77))*(max(var(51) - 1,0) + 1)))"
      },
      {
        "Id": 47,
        "RangeFrom": 0,
        "RangeTo": 2,
        "Formula": "max(var(45),var(75))"
      },
      {
        "Id": 48,
        "RangeFrom": 0,
        "RangeTo": 2,
        "Formula": "max(0,2 - ((2 - var(47))*(max(var(53) - 1,0) + 1)))"
      },
      {
        "Id": 49,
        "RangeFrom": 0,
        "RangeTo": 2,
        "Formula": "max(0,2 - ((2 - var(48))*(max(var(53)-1,0)+1)))"
      },
      {
        "Id": 50,
        "RangeFrom": 0,
        "RangeTo": 2,
        "Formula": "max(0,2 - ((2 - var(49))*(max(var(53)-1,0)+1)))"
      },
      {
        "Id": 51,
        "RangeFrom": 0,
        "RangeTo": 2,
        "Formula": "min(var(50)+var(52),2)"
      },
      {
        "Id": 52,
        "RangeFrom": 0,
        "RangeTo": 2,
        "Formula": "max(var(78) - var(53) - 1,0)"
      },
      {
        "Id": 53,
        "RangeFrom": 0,
        "RangeTo": 2,
        "Formula": "min(2 - var(47),1)*var(46)"
      },
      {
        "Id": 54,
        "RangeFrom": 0,
        "RangeTo": 2,
        "Formula": "min(var(51),var(45))"
      },
      {
        "Id": 55,
        "RangeFrom": 0,
        "RangeTo": 2,
        "Formula": "0"
      },
      {
        "Id": 56,
        "RangeFrom": 0,
        "RangeTo": 2,
        "Formula": "max(0,2 - ((2 - var(81))*(max(var(61) - 1,0) + 1)))"
      },
      {
        "Id": 57,
        "RangeFrom": 0,
        "RangeTo": 2,
        "Formula": "max(var(55),var(79))"
      },
      {
        "Id": 58,
        "RangeFrom": 0,
        "RangeTo": 2,
        "Formula": "max(0,2 - ((2 - var(57))*(max(var(63) - 1,0) + 1)))"
      },
      {
        "Id": 59,
        "RangeFrom": 0,
        "RangeTo": 2,
        "Formula": "max(0,2 - ((2 - var(58))*(max(var(63)-1,0)+1)))"
      },
      {
        "Id": 60,
        "RangeFrom": 0,
        "RangeTo": 2,
        "Formula": "max(0,2 - ((2 - var(59))*(max(var(63)-1,0)+1)))"
      },
      {
        "Id": 61,
        "RangeFrom": 0,
        "RangeTo": 2,
        "Formula": "min(var(60)+var(62),2)"
      },
      {
        "Id": 62,
        "RangeFrom": 0,
        "RangeTo": 2,
        "Formula": "max(var(82) - var(63) - 1,0)"
      },
      {
        "Id": 63,
        "RangeFrom": 0,
        "RangeTo": 2,
        "Formula": "min(2 - var(57),1)*var(56)"
      },
      {
        "Id": 64,
        "RangeFrom": 0,
        "RangeTo": 2,
        "Formula": "min(var(61),var(55))"
      },
      {
        "Id": 65,
        "RangeFrom": 0,
        "RangeTo": 2,
        "Formula": "0"
      },
      {
        "Id": 66,
        "RangeFrom": 0,
        "RangeTo": 2,
        "Formula": "max(0,2 - ((2 - var(85))*(max(var(71) - 1,0) + 1)))"
      },
      {
        "Id": 67,
        "RangeFrom": 0,
        "RangeTo": 2,
        "Formula": "max(var(65),var(83))"
      },
      {
        "Id": 68,
        "RangeFrom": 0,
        "RangeTo": 2,
        "Formula": "max(0,2 - ((2 - var(67))*(max(var(73) - 1,0) + 1)))"
      },
      {
        "Id": 69,
        "RangeFrom": 0,
        "RangeTo": 2,
        "Formula": "max(0,2 - ((2 - var(68))*(max(var(73)-1,0)+1)))"
      },
      {
        "Id": 70,
        "RangeFrom": 0,
        "RangeTo": 2,
        "Formula": "max(0,2 - ((2 - var(69))*(max(var(73)-1,0)+1)))"
      },
      {
        "Id": 71,
        "RangeFrom": 0,
        "RangeTo": 2,
        "Formula": "min(var(70)+var(72),2)"
      },
      {
        "Id": 72,
        "RangeFrom": 0,
        "RangeTo": 2,
        "Formula": "max(var(86) - var(73) - 1,0)"
      },
      {
        "Id": 73,
        "RangeFrom": 0,
        "RangeTo": 2,
        "Formula": "min(2 - var(67),1)*var(66)"
      },
      {
        "Id": 74,
        "RangeFrom": 0,
        "RangeTo": 2,
        "Formula": "min(var(71),var(65))"
      },
      {
        "Id": 75,
        "RangeFrom": 0,
        "RangeTo": 2,
        "Formula": "2 - var(76)"
      },
      {
        "Id": 76,
        "RangeFrom": 0,
        "RangeTo": 2,
        "Formula": "2"
      },
      {
        "Id": 77,
        "RangeFrom": 0,
        "RangeTo": 2,
        "Formula": "max(var(7),var(7))"
      },
      {
        "Id": 78,
        "RangeFrom": 0,
        "RangeTo": 2,
        "Formula": "max(var(10),var(10))"
      },
      {
        "Id": 79,
        "RangeFrom": 0,
        "RangeTo": 2,
        "Formula": "2 - var(80)"
      },
      {
        "Id": 80,
        "RangeFrom": 0,
        "RangeTo": 2,
        "Formula": "2"
      },
      {
        "Id": 81,
        "RangeFrom": 0,
        "RangeTo": 2,
        "Formula": "max(var(51),var(51))"
      },
      {
        "Id": 82,
        "RangeFrom": 0,
        "RangeTo": 2,
        "Formula": "max(var(54),var(54))"
      },
      {
        "Id": 83,
        "RangeFrom": 0,
        "RangeTo": 2,
        "Formula": "2 - var(84)"
      },
      {
        "Id": 84,
        "RangeFrom": 0,
        "RangeTo": 2,
        "Formula": "2"
      },
      {
        "Id": 85,
        "RangeFrom": 0,
        "RangeTo": 2,
        "Formula": "max(0,var(61))"
      },
      {
        "Id": 86,
        "RangeFrom": 0,
        "RangeTo": 2,
        "Formula": "max(0,var(64))"
      },
      {
        "Id": 87,
        "RangeFrom": 0,
        "RangeTo": 2,
        "Formula": "2 - var(88)"
      },
      {
        "Id": 88,
        "RangeFrom": 0,
        "RangeTo": 2,
        "Formula": "2"
      },
      {
        "Id": 89,
        "RangeFrom": 0,
        "RangeTo": 2,
        "Formula": "max(var(7),var(7))"
      },
      {
        "Id": 90,
        "RangeFrom": 0,
        "RangeTo": 2,
        "Formula": "max(var(10),var(10))"
      },
      {
        "Id": 91,
        "RangeFrom": 0,
        "RangeTo": 2,
        "Formula": "2 - var(92)"
      },
      {
        "Id": 92,
        "RangeFrom": 0,
        "RangeTo": 2,
        "Formula": "2"
      },
      {
        "Id": 93,
        "RangeFrom": 0,
        "RangeTo": 2,
        "Formula": "max(var(31),0)"
      },
      {
        "Id": 94,
        "RangeFrom": 0,
        "RangeTo": 2,
        "Formula": "max(var(34),0)"
      }
    ],
    "Relationships": [
      {
        "Id": 2,
        "FromVariable": 3,
        "ToVariable": 4,
        "Type": "Activator"
      },
      {
        "Id": 3,
        "FromVariable": 4,
        "ToVariable": 5,
        "Type": "Activator"
      },
      {
        "Id": 4,
        "FromVariable": 5,
        "ToVariable": 6,
        "Type": "Activator"
      },
      {
        "Id": 5,
        "FromVariable": 6,
        "ToVariable": 7,
        "Type": "Activator"
      },
      {
        "Id": 6,
        "FromVariable": 8,
        "ToVariable": 7,
        "Type": "Activator"
      },
      {
        "Id": 8,
        "FromVariable": 3,
        "ToVariable": 9,
        "Type": "Inhibitor"
      },
      {
        "Id": 9,
        "FromVariable": 9,
        "ToVariable": 4,
        "Type": "Inhibitor"
      },
      {
        "Id": 10,
        "FromVariable": 9,
        "ToVariable": 5,
        "Type": "Inhibitor"
      },
      {
        "Id": 11,
        "FromVariable": 9,
        "ToVariable": 6,
        "Type": "Inhibitor"
      },
      {
        "Id": 12,
        "FromVariable": 9,
        "ToVariable": 8,
        "Type": "Inhibitor"
      },
      {
        "Id": 14,
        "FromVariable": 7,
        "ToVariable": 10,
        "Type": "Activator"
      },
      {
        "Id": 30,
        "FromVariable": 22,
        "ToVariable": 21,
        "Type": "Inhibitor"
      },
      {
        "Id": 32,
        "FromVariable": 27,
        "ToVariable": 28,
        "Type": "Activator"
      },
      {
        "Id": 33,
        "FromVariable": 28,
        "ToVariable": 29,
        "Type": "Activator"
      },
      {
        "Id": 34,
        "FromVariable": 29,
        "ToVariable": 30,
        "Type": "Activator"
      },
      {
        "Id": 35,
        "FromVariable": 30,
        "ToVariable": 31,
        "Type": "Activator"
      },
      {
        "Id": 36,
        "FromVariable": 32,
        "ToVariable": 31,
        "Type": "Activator"
      },
      {
        "Id": 38,
        "FromVariable": 27,
        "ToVariable": 33,
        "Type": "Inhibitor"
      },
      {
        "Id": 39,
        "FromVariable": 33,
        "ToVariable": 28,
        "Type": "Inhibitor"
      },
      {
        "Id": 40,
        "FromVariable": 33,
        "ToVariable": 29,
        "Type": "Inhibitor"
      },
      {
        "Id": 41,
        "FromVariable": 33,
        "ToVariable": 30,
        "Type": "Inhibitor"
      },
      {
        "Id": 42,
        "FromVariable": 33,
        "ToVariable": 32,
        "Type": "Inhibitor"
      },
      {
        "Id": 44,
        "FromVariable": 31,
        "ToVariable": 34,
        "Type": "Activator"
      },
      {
        "Id": 47,
        "FromVariable": 37,
        "ToVariable": 38,
        "Type": "Activator"
      },
      {
        "Id": 48,
        "FromVariable": 38,
        "ToVariable": 39,
        "Type": "Activator"
      },
      {
        "Id": 49,
        "FromVariable": 39,
        "ToVariable": 40,
        "Type": "Activator"
      },
      {
        "Id": 50,
        "FromVariable": 40,
        "ToVariable": 41,
        "Type": "Activator"
      },
      {
        "Id": 51,
        "FromVariable": 42,
        "ToVariable": 41,
        "Type": "Activator"
      },
      {
        "Id": 53,
        "FromVariable": 37,
        "ToVariable": 43,
        "Type": "Inhibitor"
      },
      {
        "Id": 54,
        "FromVariable": 43,
        "ToVariable": 38,
        "Type": "Inhibitor"
      },
      {
        "Id": 55,
        "FromVariable": 43,
        "ToVariable": 39,
        "Type": "Inhibitor"
      },
      {
        "Id": 56,
        "FromVariable": 43,
        "ToVariable": 40,
        "Type": "Inhibitor"
      },
      {
        "Id": 57,
        "FromVariable": 43,
        "ToVariable": 42,
        "Type": "Inhibitor"
      },
      {
        "Id": 59,
        "FromVariable": 41,
        "ToVariable": 44,
        "Type": "Activator"
      },
      {
        "Id": 62,
        "FromVariable": 47,
        "ToVariable": 48,
        "Type": "Activator"
      },
      {
        "Id": 63,
        "FromVariable": 48,
        "ToVariable": 49,
        "Type": "Activator"
      },
      {
        "Id": 64,
        "FromVariable": 49,
        "ToVariable": 50,
        "Type": "Activator"
      },
      {
        "Id": 65,
        "FromVariable": 50,
        "ToVariable": 51,
        "Type": "Activator"
      },
      {
        "Id": 66,
        "FromVariable": 52,
        "ToVariable": 51,
        "Type": "Activator"
      },
      {
        "Id": 68,
        "FromVariable": 47,
        "ToVariable": 53,
        "Type": "Inhibitor"
      },
      {
        "Id": 69,
        "FromVariable": 53,
        "ToVariable": 48,
        "Type": "Inhibitor"
      },
      {
        "Id": 70,
        "FromVariable": 53,
        "ToVariable": 49,
        "Type": "Inhibitor"
      },
      {
        "Id": 71,
        "FromVariable": 53,
        "ToVariable": 50,
        "Type": "Inhibitor"
      },
      {
        "Id": 72,
        "FromVariable": 53,
        "ToVariable": 52,
        "Type": "Inhibitor"
      },
      {
        "Id": 74,
        "FromVariable": 51,
        "ToVariable": 54,
        "Type": "Activator"
      },
      {
        "Id": 77,
        "FromVariable": 57,
        "ToVariable": 58,
        "Type": "Activator"
      },
      {
        "Id": 78,
        "FromVariable": 58,
        "ToVariable": 59,
        "Type": "Activator"
      },
      {
        "Id": 79,
        "FromVariable": 59,
        "ToVariable": 60,
        "Type": "Activator"
      },
      {
        "Id": 80,
        "FromVariable": 60,
        "ToVariable": 61,
        "Type": "Activator"
      },
      {
        "Id": 81,
        "FromVariable": 62,
        "ToVariable": 61,
        "Type": "Activator"
      },
      {
        "Id": 83,
        "FromVariable": 57,
        "ToVariable": 63,
        "Type": "Inhibitor"
      },
      {
        "Id": 84,
        "FromVariable": 63,
        "ToVariable": 58,
        "Type": "Inhibitor"
      },
      {
        "Id": 85,
        "FromVariable": 63,
        "ToVariable": 59,
        "Type": "Inhibitor"
      },
      {
        "Id": 86,
        "FromVariable": 63,
        "ToVariable": 60,
        "Type": "Inhibitor"
      },
      {
        "Id": 87,
        "FromVariable": 63,
        "ToVariable": 62,
        "Type": "Inhibitor"
      },
      {
        "Id": 89,
        "FromVariable": 61,
        "ToVariable": 64,
        "Type": "Activator"
      },
      {
        "Id": 92,
        "FromVariable": 67,
        "ToVariable": 68,
        "Type": "Activator"
      },
      {
        "Id": 93,
        "FromVariable": 68,
        "ToVariable": 69,
        "Type": "Activator"
      },
      {
        "Id": 94,
        "FromVariable": 69,
        "ToVariable": 70,
        "Type": "Activator"
      },
      {
        "Id": 95,
        "FromVariable": 70,
        "ToVariable": 71,
        "Type": "Activator"
      },
      {
        "Id": 96,
        "FromVariable": 72,
        "ToVariable": 71,
        "Type": "Activator"
      },
      {
        "Id": 98,
        "FromVariable": 67,
        "ToVariable": 73,
        "Type": "Inhibitor"
      },
      {
        "Id": 99,
        "FromVariable": 73,
        "ToVariable": 68,
        "Type": "Inhibitor"
      },
      {
        "Id": 100,
        "FromVariable": 73,
        "ToVariable": 69,
        "Type": "Inhibitor"
      },
      {
        "Id": 101,
        "FromVariable": 73,
        "ToVariable": 70,
        "Type": "Inhibitor"
      },
      {
        "Id": 102,
        "FromVariable": 73,
        "ToVariable": 72,
        "Type": "Inhibitor"
      },
      {
        "Id": 104,
        "FromVariable": 71,
        "ToVariable": 74,
        "Type": "Activator"
      },
      {
        "Id": 106,
        "FromVariable": 76,
        "ToVariable": 75,
        "Type": "Inhibitor"
      },
      {
        "Id": 107,
        "FromVariable": 80,
        "ToVariable": 79,
        "Type": "Inhibitor"
      },
      {
        "Id": 108,
        "FromVariable": 84,
        "ToVariable": 83,
        "Type": "Inhibitor"
      },
      {
        "Id": 109,
        "FromVariable": 88,
        "ToVariable": 87,
        "Type": "Inhibitor"
      },
      {
        "Id": 110,
        "FromVariable": 92,
        "ToVariable": 91,
        "Type": "Inhibitor"
      },
      {
        "Id": 111,
        "FromVariable": 24,
        "ToVariable": 8,
        "Type": "Activator"
      },
      {
        "Id": 113,
        "FromVariable": 21,
        "ToVariable": 3,
        "Type": "Activator"
      },
      {
        "Id": 114,
        "FromVariable": 78,
        "ToVariable": 52,
        "Type": "Activator"
      },
      {
        "Id": 115,
        "FromVariable": 75,
        "ToVariable": 47,
        "Type": "Activator"
      },
      {
        "Id": 117,
        "FromVariable": 82,
        "ToVariable": 62,
        "Type": "Activator"
      },
      {
        "Id": 118,
        "FromVariable": 79,
        "ToVariable": 57,
        "Type": "Activator"
      },
      {
        "Id": 120,
        "FromVariable": 86,
        "ToVariable": 72,
        "Type": "Activator"
      },
      {
        "Id": 121,
        "FromVariable": 83,
        "ToVariable": 67,
        "Type": "Activator"
      },
      {
        "Id": 123,
        "FromVariable": 90,
        "ToVariable": 32,
        "Type": "Activator"
      },
      {
        "Id": 124,
        "FromVariable": 87,
        "ToVariable": 27,
        "Type": "Activator"
      },
      {
        "Id": 126,
        "FromVariable": 94,
        "ToVariable": 42,
        "Type": "Activator"
      },
      {
        "Id": 127,
        "FromVariable": 91,
        "ToVariable": 37,
        "Type": "Activator"
      },
      {
        "Id": 129,
        "FromVariable": 64,
        "ToVariable": 86,
        "Type": "Activator"
      },
      {
        "Id": 130,
        "FromVariable": 61,
        "ToVariable": 85,
        "Type": "Activator"
      },
      {
        "Id": 131,
        "FromVariable": 71,
        "ToVariable": 81,
        "Type": "Activator"
      },
      {
        "Id": 132,
        "FromVariable": 74,
        "ToVariable": 82,
        "Type": "Activator"
      },
      {
        "Id": 133,
        "FromVariable": 64,
        "ToVariable": 78,
        "Type": "Activator"
      },
      {
        "Id": 134,
        "FromVariable": 61,
        "ToVariable": 77,
        "Type": "Activator"
      },
      {
        "Id": 135,
        "FromVariable": 51,
        "ToVariable": 81,
        "Type": "Activator"
      },
      {
        "Id": 136,
        "FromVariable": 54,
        "ToVariable": 82,
        "Type": "Activator"
      },
      {
        "Id": 137,
        "FromVariable": 51,
        "ToVariable": 23,
        "Type": "Activator"
      },
      {
        "Id": 138,
        "FromVariable": 54,
        "ToVariable": 24,
        "Type": "Activator"
      },
      {
        "Id": 139,
        "FromVariable": 7,
        "ToVariable": 77,
        "Type": "Activator"
      },
      {
        "Id": 140,
        "FromVariable": 10,
        "ToVariable": 78,
        "Type": "Activator"
      },
      {
        "Id": 141,
        "FromVariable": 7,
        "ToVariable": 89,
        "Type": "Activator"
      },
      {
        "Id": 142,
        "FromVariable": 10,
        "ToVariable": 90,
        "Type": "Activator"
      },
      {
        "Id": 143,
        "FromVariable": 31,
        "ToVariable": 23,
        "Type": "Activator"
      },
      {
        "Id": 144,
        "FromVariable": 34,
        "ToVariable": 24,
        "Type": "Activator"
      },
      {
        "Id": 145,
        "FromVariable": 31,
        "ToVariable": 93,
        "Type": "Activator"
      },
      {
        "Id": 146,
        "FromVariable": 34,
        "ToVariable": 94,
        "Type": "Activator"
      },
      {
        "Id": 147,
        "FromVariable": 41,
        "ToVariable": 89,
        "Type": "Activator"
      },
      {
        "Id": 148,
        "FromVariable": 44,
        "ToVariable": 90,
        "Type": "Activator"
      },
      {
        "Id": 1,
        "FromVariable": 1,
        "ToVariable": 3,
        "Type": "Activator"
      },
      {
        "Id": 15,
        "FromVariable": 1,
        "ToVariable": 10,
        "Type": "Activator"
      },
      {
        "Id": 149,
        "FromVariable": 95,
        "ToVariable": 1,
        "Type": "Activator"
      },
      {
        "Id": 7,
        "FromVariable": 2,
        "ToVariable": 9,
        "Type": "Activator"
      },
      {
        "Id": 13,
        "FromVariable": 7,
        "ToVariable": 2,
        "Type": "Inhibitor"
      },
      {
        "Id": 112,
        "FromVariable": 23,
        "ToVariable": 2,
        "Type": "Activator"
      },
      {
        "Id": 31,
        "FromVariable": 25,
        "ToVariable": 27,
        "Type": "Activator"
      },
      {
        "Id": 45,
        "FromVariable": 25,
        "ToVariable": 34,
        "Type": "Activator"
      },
      {
        "Id": 153,
        "FromVariable": 95,
        "ToVariable": 25,
        "Type": "Activator"
      },
      {
        "Id": 37,
        "FromVariable": 26,
        "ToVariable": 33,
        "Type": "Activator"
      },
      {
        "Id": 43,
        "FromVariable": 31,
        "ToVariable": 26,
        "Type": "Inhibitor"
      },
      {
        "Id": 125,
        "FromVariable": 89,
        "ToVariable": 26,
        "Type": "Activator"
      },
      {
        "Id": 46,
        "FromVariable": 35,
        "ToVariable": 37,
        "Type": "Activator"
      },
      {
        "Id": 60,
        "FromVariable": 35,
        "ToVariable": 44,
        "Type": "Activator"
      },
      {
        "Id": 154,
        "FromVariable": 95,
        "ToVariable": 35,
        "Type": "Activator"
      },
      {
        "Id": 52,
        "FromVariable": 36,
        "ToVariable": 43,
        "Type": "Activator"
      },
      {
        "Id": 58,
        "FromVariable": 41,
        "ToVariable": 36,
        "Type": "Inhibitor"
      },
      {
        "Id": 128,
        "FromVariable": 93,
        "ToVariable": 36,
        "Type": "Activator"
      },
      {
        "Id": 61,
        "FromVariable": 45,
        "ToVariable": 47,
        "Type": "Activator"
      },
      {
        "Id": 75,
        "FromVariable": 45,
        "ToVariable": 54,
        "Type": "Activator"
      },
      {
        "Id": 150,
        "FromVariable": 95,
        "ToVariable": 45,
        "Type": "Activator"
      },
      {
        "Id": 67,
        "FromVariable": 46,
        "ToVariable": 53,
        "Type": "Activator"
      },
      {
        "Id": 73,
        "FromVariable": 51,
        "ToVariable": 46,
        "Type": "Inhibitor"
      },
      {
        "Id": 116,
        "FromVariable": 77,
        "ToVariable": 46,
        "Type": "Activator"
      },
      {
        "Id": 76,
        "FromVariable": 55,
        "ToVariable": 57,
        "Type": "Activator"
      },
      {
        "Id": 90,
        "FromVariable": 55,
        "ToVariable": 64,
        "Type": "Activator"
      },
      {
        "Id": 151,
        "FromVariable": 95,
        "ToVariable": 55,
        "Type": "Activator"
      },
      {
        "Id": 82,
        "FromVariable": 56,
        "ToVariable": 63,
        "Type": "Activator"
      },
      {
        "Id": 88,
        "FromVariable": 61,
        "ToVariable": 56,
        "Type": "Inhibitor"
      },
      {
        "Id": 119,
        "FromVariable": 81,
        "ToVariable": 56,
        "Type": "Activator"
      },
      {
        "Id": 91,
        "FromVariable": 65,
        "ToVariable": 67,
        "Type": "Activator"
      },
      {
        "Id": 105,
        "FromVariable": 65,
        "ToVariable": 74,
        "Type": "Activator"
      },
      {
        "Id": 152,
        "FromVariable": 95,
        "ToVariable": 65,
        "Type": "Activator"
      },
      {
        "Id": 97,
        "FromVariable": 66,
        "ToVariable": 73,
        "Type": "Activator"
      },
      {
        "Id": 103,
        "FromVariable": 71,
        "ToVariable": 66,
        "Type": "Inhibitor"
      },
      {
        "Id": 122,
        "FromVariable": 85,
        "ToVariable": 66,
        "Type": "Activator"
      }
    ]
  },
  "Layout": {
    "Variables": [
      {
        "Id": 95,
        "Name": "AC",
        "Type": "Constant",
        "ContainerId": 0,
        "PositionX": 880.7,
        "PositionY": 422.62857142857143,
        "CellX": null,
        "CellY": null,
        "Angle": 0
      },
      {
        "Id": 1,
        "Name": "LET-23",
        "Type": "MembraneReceptor",
        "ContainerId": 1,
        "PositionX": 878.7883124044147,
        "PositionY": 573.0092058505688,
        "CellX": null,
        "CellY": null,
        "Angle": 0
      },
      {
        "Id": 2,
        "Name": "lin-12",
        "Type": "MembraneReceptor",
        "ContainerId": 1,
        "PositionX": 770.9115781789793,
        "PositionY": 688.8715426082731,
        "CellX": null,
        "CellY": null,
        "Angle": -90
      },
      {
        "Id": 3,
        "Name": "signalact",
        "Type": "Default",
        "ContainerId": 1,
        "PositionX": 877.5333333333333,
        "PositionY": 622.4571428571428,
        "CellX": null,
        "CellY": null,
        "Angle": 0
      },
      {
        "Id": 4,
        "Name": "SEM-5",
        "Type": "Default",
        "ContainerId": 1,
        "PositionX": 877.5333333333333,
        "PositionY": 655.3142857142857,
        "CellX": null,
        "CellY": null,
        "Angle": 0
      },
      {
        "Id": 5,
        "Name": "LET-60",
        "Type": "Default",
        "ContainerId": 1,
        "PositionX": 877.5333333333333,
        "PositionY": 688.1714285714286,
        "CellX": null,
        "CellY": null,
        "Angle": 0
      },
      {
        "Id": 6,
        "Name": "signal",
        "Type": "Default",
        "ContainerId": 1,
        "PositionX": 877.5333333333333,
        "PositionY": 721.0285714285715,
        "CellX": null,
        "CellY": null,
        "Angle": 0
      },
      {
        "Id": 7,
        "Name": "MPK-1",
        "Type": "Default",
        "ContainerId": 1,
        "PositionX": 877.5333333333333,
        "PositionY": 753.8857142857142,
        "CellX": null,
        "CellY": null,
        "Angle": 0
      },
      {
        "Id": 8,
        "Name": "relsig",
        "Type": "Default",
        "ContainerId": 1,
        "PositionX": 925.0333333333333,
        "PositionY": 721.0285714285715,
        "CellX": null,
        "CellY": null,
        "Angle": 0
      },
      {
        "Id": 9,
        "Name": "lst",
        "Type": "Default",
        "ContainerId": 1,
        "PositionX": 830.0333333333333,
        "PositionY": 688.1714285714286,
        "CellX": null,
        "CellY": null,
        "Angle": 0
      },
      {
        "Id": 10,
        "Name": "ROM-1",
        "Type": "Default",
        "ContainerId": 1,
        "PositionX": 849.0333333333333,
        "PositionY": 771.6285714285714,
        "CellX": null,
        "CellY": null,
        "Angle": 0
      },
      {
        "Id": 21,
        "Name": "lin-3",
        "Type": "Default",
        "ContainerId": 6,
        "PositionX": 849.0333333333333,
        "PositionY": 903.7714285714286,
        "CellX": null,
        "CellY": null,
        "Angle": 0
      },
      {
        "Id": 22,
        "Name": "lin-15",
        "Type": "Default",
        "ContainerId": 6,
        "PositionX": 849.0333333333333,
        "PositionY": 985.9142857142857,
        "CellX": null,
        "CellY": null,
        "Angle": 0
      },
      {
        "Id": 23,
        "Name": "LSext",
        "Type": "Default",
        "ContainerId": 6,
        "PositionX": 817.3666666666667,
        "PositionY": 920.2,
        "CellX": null,
        "CellY": null,
        "Angle": 0
      },
      {
        "Id": 24,
        "Name": "Relay",
        "Type": "Default",
        "ContainerId": 6,
        "PositionX": 912.3666666666667,
        "PositionY": 903.7714285714286,
        "CellX": null,
        "CellY": null,
        "Angle": 0
      },
      {
        "Id": 25,
        "Name": "LET-23",
        "Type": "MembraneReceptor",
        "ContainerId": 7,
        "PositionX": 1128.7883124043487,
        "PositionY": 573.009205857059,
        "CellX": null,
        "CellY": null,
        "Angle": 0
      },
      {
        "Id": 26,
        "Name": "lin-12",
        "Type": "MembraneReceptor",
        "ContainerId": 7,
        "PositionX": 1020.9115781789799,
        "PositionY": 688.8715426082731,
        "CellX": null,
        "CellY": null,
        "Angle": -90
      },
      {
        "Id": 27,
        "Name": "signalact",
        "Type": "Default",
        "ContainerId": 7,
        "PositionX": 1127.5333333333333,
        "PositionY": 622.4571428571428,
        "CellX": null,
        "CellY": null,
        "Angle": 0
      },
      {
        "Id": 28,
        "Name": "SEM-5",
        "Type": "Default",
        "ContainerId": 7,
        "PositionX": 1127.5333333333333,
        "PositionY": 655.3142857142857,
        "CellX": null,
        "CellY": null,
        "Angle": 0
      },
      {
        "Id": 29,
        "Name": "LET-60",
        "Type": "Default",
        "ContainerId": 7,
        "PositionX": 1127.5333333333333,
        "PositionY": 688.1714285714286,
        "CellX": null,
        "CellY": null,
        "Angle": 0
      },
      {
        "Id": 30,
        "Name": "signal",
        "Type": "Default",
        "ContainerId": 7,
        "PositionX": 1127.5333333333333,
        "PositionY": 721.0285714285715,
        "CellX": null,
        "CellY": null,
        "Angle": 0
      },
      {
        "Id": 31,
        "Name": "MPK-1",
        "Type": "Default",
        "ContainerId": 7,
        "PositionX": 1127.5333333333333,
        "PositionY": 753.8857142857142,
        "CellX": null,
        "CellY": null,
        "Angle": 0
      },
      {
        "Id": 32,
        "Name": "relsig",
        "Type": "Default",
        "ContainerId": 7,
        "PositionX": 1175.0333333333333,
        "PositionY": 721.0285714285715,
        "CellX": null,
        "CellY": null,
        "Angle": 0
      },
      {
        "Id": 33,
        "Name": "lst",
        "Type": "Default",
        "ContainerId": 7,
        "PositionX": 1080.0333333333333,
        "PositionY": 688.1714285714286,
        "CellX": null,
        "CellY": null,
        "Angle": 0
      },
      {
        "Id": 34,
        "Name": "ROM-1",
        "Type": "Default",
        "ContainerId": 7,
        "PositionX": 1099.0333333333333,
        "PositionY": 771.6285714285714,
        "CellX": null,
        "CellY": null,
        "Angle": 0
      },
      {
        "Id": 35,
        "Name": "LET-23",
        "Type": "MembraneReceptor",
        "ContainerId": 8,
        "PositionX": 1378.788312404349,
        "PositionY": 573.009205857059,
        "CellX": null,
        "CellY": null,
        "Angle": 0
      },
      {
        "Id": 36,
        "Name": "lin-12",
        "Type": "MembraneReceptor",
        "ContainerId": 8,
        "PositionX": 1270.9115781789796,
        "PositionY": 688.8715426082729,
        "CellX": null,
        "CellY": null,
        "Angle": -90
      },
      {
        "Id": 37,
        "Name": "signalact",
        "Type": "Default",
        "ContainerId": 8,
        "PositionX": 1377.5333333333333,
        "PositionY": 622.4571428571428,
        "CellX": null,
        "CellY": null,
        "Angle": 0
      },
      {
        "Id": 38,
        "Name": "SEM-5",
        "Type": "Default",
        "ContainerId": 8,
        "PositionX": 1377.5333333333333,
        "PositionY": 655.3142857142857,
        "CellX": null,
        "CellY": null,
        "Angle": 0
      },
      {
        "Id": 39,
        "Name": "LET-60",
        "Type": "Default",
        "ContainerId": 8,
        "PositionX": 1377.5333333333333,
        "PositionY": 688.1714285714286,
        "CellX": null,
        "CellY": null,
        "Angle": 0
      },
      {
        "Id": 40,
        "Name": "signal",
        "Type": "Default",
        "ContainerId": 8,
        "PositionX": 1377.5333333333333,
        "PositionY": 721.0285714285715,
        "CellX": null,
        "CellY": null,
        "Angle": 0
      },
      {
        "Id": 41,
        "Name": "MPK-1",
        "Type": "Default",
        "ContainerId": 8,
        "PositionX": 1377.5333333333333,
        "PositionY": 753.8857142857142,
        "CellX": null,
        "CellY": null,
        "Angle": 0
      },
      {
        "Id": 42,
        "Name": "relsig",
        "Type": "Default",
        "ContainerId": 8,
        "PositionX": 1425.0333333333333,
        "PositionY": 721.0285714285715,
        "CellX": null,
        "CellY": null,
        "Angle": 0
      },
      {
        "Id": 43,
        "Name": "lst",
        "Type": "Default",
        "ContainerId": 8,
        "PositionX": 1330.0333333333333,
        "PositionY": 688.1714285714286,
        "CellX": null,
        "CellY": null,
        "Angle": 0
      },
      {
        "Id": 44,
        "Name": "ROM-1",
        "Type": "Default",
        "ContainerId": 8,
        "PositionX": 1349.0333333333333,
        "PositionY": 771.6285714285714,
        "CellX": null,
        "CellY": null,
        "Angle": 0
      },
      {
        "Id": 45,
        "Name": "LET-23",
        "Type": "MembraneReceptor",
        "ContainerId": 9,
        "PositionX": 628.7883124043155,
        "PositionY": 573.0092058603041,
        "CellX": null,
        "CellY": null,
        "Angle": 0
      },
      {
        "Id": 46,
        "Name": "lin-12",
        "Type": "MembraneReceptor",
        "ContainerId": 9,
        "PositionX": 520.9115781789789,
        "PositionY": 688.8715426082726,
        "CellX": null,
        "CellY": null,
        "Angle": -90
      },
      {
        "Id": 47,
        "Name": "signalact",
        "Type": "Default",
        "ContainerId": 9,
        "PositionX": 627.5333333333333,
        "PositionY": 622.4571428571428,
        "CellX": null,
        "CellY": null,
        "Angle": 0
      },
      {
        "Id": 48,
        "Name": "SEM-5",
        "Type": "Default",
        "ContainerId": 9,
        "PositionX": 627.5333333333333,
        "PositionY": 655.3142857142857,
        "CellX": null,
        "CellY": null,
        "Angle": 0
      },
      {
        "Id": 49,
        "Name": "LET-60",
        "Type": "Default",
        "ContainerId": 9,
        "PositionX": 627.5333333333333,
        "PositionY": 688.1714285714286,
        "CellX": null,
        "CellY": null,
        "Angle": 0
      },
      {
        "Id": 50,
        "Name": "signal",
        "Type": "Default",
        "ContainerId": 9,
        "PositionX": 627.5333333333333,
        "PositionY": 721.0285714285715,
        "CellX": null,
        "CellY": null,
        "Angle": 0
      },
      {
        "Id": 51,
        "Name": "MPK-1",
        "Type": "Default",
        "ContainerId": 9,
        "PositionX": 627.5333333333333,
        "PositionY": 753.8857142857142,
        "CellX": null,
        "CellY": null,
        "Angle": 0
      },
      {
        "Id": 52,
        "Name": "relsig",
        "Type": "Default",
        "ContainerId": 9,
        "PositionX": 675.0333333333333,
        "PositionY": 721.0285714285715,
        "CellX": null,
        "CellY": null,
        "Angle": 0
      },
      {
        "Id": 53,
        "Name": "lst",
        "Type": "Default",
        "ContainerId": 9,
        "PositionX": 580.0333333333333,
        "PositionY": 688.1714285714286,
        "CellX": null,
        "CellY": null,
        "Angle": 0
      },
      {
        "Id": 54,
        "Name": "ROM-1",
        "Type": "Default",
        "ContainerId": 9,
        "PositionX": 599.0333333333333,
        "PositionY": 771.6285714285714,
        "CellX": null,
        "CellY": null,
        "Angle": 0
      },
      {
        "Id": 55,
        "Name": "LET-23",
        "Type": "MembraneReceptor",
        "ContainerId": 10,
        "PositionX": 378.78831240432384,
        "PositionY": 573.0092058594964,
        "CellX": null,
        "CellY": null,
        "Angle": 0
      },
      {
        "Id": 56,
        "Name": "lin-12",
        "Type": "MembraneReceptor",
        "ContainerId": 10,
        "PositionX": 270.9115781789792,
        "PositionY": 688.8715426082726,
        "CellX": null,
        "CellY": null,
        "Angle": -90
      },
      {
        "Id": 57,
        "Name": "signalact",
        "Type": "Default",
        "ContainerId": 10,
        "PositionX": 377.5333333333333,
        "PositionY": 622.4571428571428,
        "CellX": null,
        "CellY": null,
        "Angle": 0
      },
      {
        "Id": 58,
        "Name": "SEM-5",
        "Type": "Default",
        "ContainerId": 10,
        "PositionX": 377.5333333333333,
        "PositionY": 655.3142857142857,
        "CellX": null,
        "CellY": null,
        "Angle": 0
      },
      {
        "Id": 59,
        "Name": "LET-60",
        "Type": "Default",
        "ContainerId": 10,
        "PositionX": 377.5333333333333,
        "PositionY": 688.1714285714286,
        "CellX": null,
        "CellY": null,
        "Angle": 0
      },
      {
        "Id": 60,
        "Name": "signal",
        "Type": "Default",
        "ContainerId": 10,
        "PositionX": 377.5333333333333,
        "PositionY": 721.0285714285715,
        "CellX": null,
        "CellY": null,
        "Angle": 0
      },
      {
        "Id": 61,
        "Name": "MPK-1",
        "Type": "Default",
        "ContainerId": 10,
        "PositionX": 377.5333333333333,
        "PositionY": 753.8857142857142,
        "CellX": null,
        "CellY": null,
        "Angle": 0
      },
      {
        "Id": 62,
        "Name": "relsig",
        "Type": "Default",
        "ContainerId": 10,
        "PositionX": 425.0333333333333,
        "PositionY": 721.0285714285715,
        "CellX": null,
        "CellY": null,
        "Angle": 0
      },
      {
        "Id": 63,
        "Name": "lst",
        "Type": "Default",
        "ContainerId": 10,
        "PositionX": 330.0333333333333,
        "PositionY": 688.1714285714286,
        "CellX": null,
        "CellY": null,
        "Angle": 0
      },
      {
        "Id": 64,
        "Name": "ROM-1",
        "Type": "Default",
        "ContainerId": 10,
        "PositionX": 349.0333333333333,
        "PositionY": 771.6285714285714,
        "CellX": null,
        "CellY": null,
        "Angle": 0
      },
      {
        "Id": 65,
        "Name": "LET-23",
        "Type": "MembraneReceptor",
        "ContainerId": 11,
        "PositionX": 128.78831240433428,
        "PositionY": 573.0092058584796,
        "CellX": null,
        "CellY": null,
        "Angle": 0
      },
      {
        "Id": 66,
        "Name": "lin-12",
        "Type": "MembraneReceptor",
        "ContainerId": 11,
        "PositionX": 20.91157817897927,
        "PositionY": 688.8715426082725,
        "CellX": null,
        "CellY": null,
        "Angle": -90
      },
      {
        "Id": 67,
        "Name": "signalact",
        "Type": "Default",
        "ContainerId": 11,
        "PositionX": 127.53333333333333,
        "PositionY": 622.4571428571428,
        "CellX": null,
        "CellY": null,
        "Angle": 0
      },
      {
        "Id": 68,
        "Name": "SEM-5",
        "Type": "Default",
        "ContainerId": 11,
        "PositionX": 127.53333333333333,
        "PositionY": 655.3142857142857,
        "CellX": null,
        "CellY": null,
        "Angle": 0
      },
      {
        "Id": 69,
        "Name": "LET-60",
        "Type": "Default",
        "ContainerId": 11,
        "PositionX": 127.53333333333333,
        "PositionY": 688.1714285714286,
        "CellX": null,
        "CellY": null,
        "Angle": 0
      },
      {
        "Id": 70,
        "Name": "signal",
        "Type": "Default",
        "ContainerId": 11,
        "PositionX": 127.53333333333333,
        "PositionY": 721.0285714285715,
        "CellX": null,
        "CellY": null,
        "Angle": 0
      },
      {
        "Id": 71,
        "Name": "MPK-1",
        "Type": "Default",
        "ContainerId": 11,
        "PositionX": 127.53333333333333,
        "PositionY": 753.8857142857142,
        "CellX": null,
        "CellY": null,
        "Angle": 0
      },
      {
        "Id": 72,
        "Name": "relsig",
        "Type": "Default",
        "ContainerId": 11,
        "PositionX": 175.03333333333333,
        "PositionY": 721.0285714285715,
        "CellX": null,
        "CellY": null,
        "Angle": 0
      },
      {
        "Id": 73,
        "Name": "lst",
        "Type": "Default",
        "ContainerId": 11,
        "PositionX": 80.03333333333333,
        "PositionY": 688.1714285714286,
        "CellX": null,
        "CellY": null,
        "Angle": 0
      },
      {
        "Id": 74,
        "Name": "ROM-1",
        "Type": "Default",
        "ContainerId": 11,
        "PositionX": 99.03333333333333,
        "PositionY": 771.6285714285714,
        "CellX": null,
        "CellY": null,
        "Angle": 0
      },
      {
        "Id": 75,
        "Name": "lin-3",
        "Type": "Default",
        "ContainerId": 12,
        "PositionX": 599.0333333333333,
        "PositionY": 903.7714285714286,
        "CellX": null,
        "CellY": null,
        "Angle": 0
      },
      {
        "Id": 76,
        "Name": "lin-15",
        "Type": "Default",
        "ContainerId": 12,
        "PositionX": 599.0333333333333,
        "PositionY": 985.9142857142857,
        "CellX": null,
        "CellY": null,
        "Angle": 0
      },
      {
        "Id": 77,
        "Name": "LSext",
        "Type": "Default",
        "ContainerId": 12,
        "PositionX": 567.3666666666667,
        "PositionY": 920.2,
        "CellX": null,
        "CellY": null,
        "Angle": 0
      },
      {
        "Id": 78,
        "Name": "Relay",
        "Type": "Default",
        "ContainerId": 12,
        "PositionX": 662.3666666666667,
        "PositionY": 903.7714285714286,
        "CellX": null,
        "CellY": null,
        "Angle": 0
      },
      {
        "Id": 79,
        "Name": "lin-3",
        "Type": "Default",
        "ContainerId": 13,
        "PositionX": 349.0333333333333,
        "PositionY": 903.7714285714286,
        "CellX": null,
        "CellY": null,
        "Angle": 0
      },
      {
        "Id": 80,
        "Name": "lin-15",
        "Type": "Default",
        "ContainerId": 13,
        "PositionX": 349.0333333333333,
        "PositionY": 985.9142857142857,
        "CellX": null,
        "CellY": null,
        "Angle": 0
      },
      {
        "Id": 81,
        "Name": "LSext",
        "Type": "Default",
        "ContainerId": 13,
        "PositionX": 317.3666666666667,
        "PositionY": 920.2,
        "CellX": null,
        "CellY": null,
        "Angle": 0
      },
      {
        "Id": 82,
        "Name": "Relay",
        "Type": "Default",
        "ContainerId": 13,
        "PositionX": 412.3666666666667,
        "PositionY": 903.7714285714286,
        "CellX": null,
        "CellY": null,
        "Angle": 0
      },
      {
        "Id": 83,
        "Name": "lin-3",
        "Type": "Default",
        "ContainerId": 14,
        "PositionX": 99.03333333333333,
        "PositionY": 903.7714285714286,
        "CellX": null,
        "CellY": null,
        "Angle": 0
      },
      {
        "Id": 84,
        "Name": "lin-15",
        "Type": "Default",
        "ContainerId": 14,
        "PositionX": 99.03333333333333,
        "PositionY": 985.9142857142857,
        "CellX": null,
        "CellY": null,
        "Angle": 0
      },
      {
        "Id": 85,
        "Name": "LSext",
        "Type": "Default",
        "ContainerId": 14,
        "PositionX": 67.36666666666667,
        "PositionY": 920.2,
        "CellX": null,
        "CellY": null,
        "Angle": 0
      },
      {
        "Id": 86,
        "Name": "Relay",
        "Type": "Default",
        "ContainerId": 14,
        "PositionX": 162.36666666666667,
        "PositionY": 903.7714285714286,
        "CellX": null,
        "CellY": null,
        "Angle": 0
      },
      {
        "Id": 87,
        "Name": "lin-3",
        "Type": "Default",
        "ContainerId": 15,
        "PositionX": 1099.0333333333333,
        "PositionY": 903.7714285714286,
        "CellX": null,
        "CellY": null,
        "Angle": 0
      },
      {
        "Id": 88,
        "Name": "lin-15",
        "Type": "Default",
        "ContainerId": 15,
        "PositionX": 1099.0333333333333,
        "PositionY": 985.9142857142857,
        "CellX": null,
        "CellY": null,
        "Angle": 0
      },
      {
        "Id": 89,
        "Name": "LSext",
        "Type": "Default",
        "ContainerId": 15,
        "PositionX": 1067.3666666666665,
        "PositionY": 920.2,
        "CellX": null,
        "CellY": null,
        "Angle": 0
      },
      {
        "Id": 90,
        "Name": "Relay",
        "Type": "Default",
        "ContainerId": 15,
        "PositionX": 1162.3666666666668,
        "PositionY": 903.7714285714286,
        "CellX": null,
        "CellY": null,
        "Angle": 0
      },
      {
        "Id": 91,
        "Name": "lin-3",
        "Type": "Default",
        "ContainerId": 16,
        "PositionX": 1349.0333333333333,
        "PositionY": 903.7714285714286,
        "CellX": null,
        "CellY": null,
        "Angle": 0
      },
      {
        "Id": 92,
        "Name": "lin-15",
        "Type": "Default",
        "ContainerId": 16,
        "PositionX": 1349.0333333333333,
        "PositionY": 985.9142857142857,
        "CellX": null,
        "CellY": null,
        "Angle": 0
      },
      {
        "Id": 93,
        "Name": "LSext",
        "Type": "Default",
        "ContainerId": 16,
        "PositionX": 1317.3666666666665,
        "PositionY": 920.2,
        "CellX": null,
        "CellY": null,
        "Angle": 0
      },
      {
        "Id": 94,
        "Name": "Relay",
        "Type": "Default",
        "ContainerId": 16,
        "PositionX": 1412.3666666666668,
        "PositionY": 903.7714285714286,
        "CellX": null,
        "CellY": null,
        "Angle": 0
      }
    ],
    "Containers": [
      {
        "Id": 1,
        "Name": "",
        "Size": 1,
        "PositionX": 3,
        "PositionY": 2
      },
      {
        "Id": 6,
        "Name": "",
        "Size": 1,
        "PositionX": 3,
        "PositionY": 3
      },
      {
        "Id": 7,
        "Name": "",
        "Size": 1,
        "PositionX": 4,
        "PositionY": 2
      },
      {
        "Id": 8,
        "Name": "",
        "Size": 1,
        "PositionX": 5,
        "PositionY": 2
      },
      {
        "Id": 9,
        "Name": "",
        "Size": 1,
        "PositionX": 2,
        "PositionY": 2
      },
      {
        "Id": 10,
        "Name": "",
        "Size": 1,
        "PositionX": 1,
        "PositionY": 2
      },
      {
        "Id": 11,
        "Name": "",
        "Size": 1,
        "PositionX": 0,
        "PositionY": 2
      },
      {
        "Id": 12,
        "Name": "",
        "Size": 1,
        "PositionX": 2,
        "PositionY": 3
      },
      {
        "Id": 13,
        "Name": "",
        "Size": 1,
        "PositionX": 1,
        "PositionY": 3
      },
      {
        "Id": 14,
        "Name": "",
        "Size": 1,
        "PositionX": 0,
        "PositionY": 3
      },
      {
        "Id": 15,
        "Name": "",
        "Size": 1,
        "PositionX": 4,
        "PositionY": 3
      },
      {
        "Id": 16,
        "Name": "",
        "Size": 1,
        "PositionX": 5,
        "PositionY": 3
      }
    ]
  }
}